number,values_0,values_1,values_2,datetime_start,datetime_complete,duration,params_conf_easy,params_conf_hard,params_nms_easy,params_nms_hard,params_raw_blur,params_raw_crowd,params_raw_edge,params_raw_night,params_raw_tiny,params_threshold_a,params_threshold_b,user_attrs_AssA,user_attrs_DetA,user_attrs_FN,user_attrs_FP,user_attrs_FPS,user_attrs_HOTA,user_attrs_IDF1,user_attrs_IDS,user_attrs_MOTA,user_attrs_empirical_params,user_attrs_feasible,user_attrs_mean_conf,user_attrs_mean_imgsz,user_attrs_mean_nms_iou,state
0,0.13291261415101344,147.0,55.59498495619079,2026-09-11 12:15:35.448788,2026-09-11 12:17:58.575014,0 days 00:02:23.126226,0.35,0.3,0.55,0.35,0.15601864044243652,0.3745401188473625,0.7319939418114051,0.5986584841970366,0.9507143064099162,0.9488855372533332,0.9656320330745594,0.44947414474969216,0.13355040035555182,55882.0,2365.0,55.59498495619079,0.24349673878348596,0.23729565249528783,147.0,0.13291261415101344,"{'weight_crowd': 0.13319702814025883, 'weight_tiny': 0.33810081711389406, 'weight_edge': 0.26031768763785473, 'weight_night': 0.2128998389048247, 'weight_blur': 0.05548462820316767, 'conf_easy': 0.35, 'conf_hard': 0.3, 'nms_easy': 0.55, 'nms_hard': 0.35, 'threshold_mid': 0.9488855372533332, 'threshold_high': 0.9656320330745594}",True,0.33437209540532636,512.0,0.48748838162130576,COMPLETE
1,0.22588165416883213,306.0,39.03705360474564,2026-09-11 12:17:58.784628,2026-09-11 12:20:39.579249,0 days 00:02:40.794621,0.4,0.25,0.3,0.45,0.4401524937396013,0.8083973481164611,0.09767211400638387,0.6842330265121569,0.3046137691733707,0.07455064367977082,0.9868869366005173,0.5129506200151567,0.24865083382181918,43852.0,7975.0,39.03705360474564,0.3534499250537444,0.40259884832967324,306.0,0.22588165416883213,"{'weight_crowd': 0.3461985209559911, 'weight_tiny': 0.13045173465296678, 'weight_edge': 0.04182836755518854, 'weight_night': 0.29302478826739564, 'weight_blur': 0.188496588568458, 'conf_easy': 0.4, 'conf_hard': 0.25, 'nms_easy': 0.3, 'nms_hard': 0.45, 'threshold_mid': 0.07455064367977082, 'threshold_high': 0.9868869366005173}",False,0.3341043449771051,928.0,0.36589565502289495,COMPLETE
2,0.19536713935704209,284.0,42.29753283814666,2026-09-11 12:20:39.746507,2026-09-11 12:23:18.389209,0 days 00:02:38.642702,0.3,0.25,0.45,0.3,0.7068573438476171,0.7722447692966574,0.005522117123602399,0.8154614284548342,0.1987156815341724,0.5085706911647028,0.907566473926093,0.48275842427061966,0.22777717781800463,45816.0,8088.0,42.29753283814666,0.3290338353092004,0.3664528371939523,284.0,0.19536713935704209,"{'weight_crowd': 0.30904608415860246, 'weight_tiny': 0.07952440169323101, 'weight_edge': 0.0022099064197855403, 'weight_night': 0.3263410401288654, 'weight_blur': 0.2828785675995157, 'conf_easy': 0.3, 'conf_hard': 0.25, 'nms_easy': 0.45, 'nms_hard': 0.3, 'threshold_mid': 0.5085706911647028, 'threshold_high': 0.907566473926093}",False,0.27764927297255965,697.7821503865074,0.38294781891767893,COMPLETE
3,0.17487564035934366,148.0,50.21774534721989,2026-09-11 12:23:18.547478,2026-09-11 12:25:48.683753,0 days 00:02:30.136275,0.35,0.4,0.35,0.55,0.07697990982879299,0.24929222914887494,0.7555511385430487,0.22879816549162246,0.41038292303562973,0.363629602379294,0.9717820827209607,0.48886219594128744,0.18245580596793826,50998.0,4422.0,50.21774534721989,0.2969834996218978,0.32196926708582063,148.0,0.17487564035934366,"{'weight_crowd': 0.14485275811434317, 'weight_tiny': 0.23845548049248314, 'weight_edge': 0.4390175605876351, 'weight_night': 0.13294455842492922, 'weight_blur': 0.04472964238060937, 'conf_easy': 0.35, 'conf_hard': 0.4, 'nms_easy': 0.35, 'nms_hard': 0.55, 'threshold_mid': 0.363629602379294, 'threshold_high': 0.9717820827209607}",True,0.36896343678638,673.8102600140548,0.4258537471455198,COMPLETE
4,0.22604499220432103,262.0,41.50298695956867,2026-09-11 12:25:48.857438,2026-09-11 12:28:30.232160,0 days 00:02:41.374722,0.3,0.45,0.4,0.35,0.2848404943774676,0.9624472949421112,0.49724850589238545,0.30087830981676966,0.25178229582536416,0.22649577519793795,0.6451727904094499,0.508210885449634,0.23457893816329478,45879.0,5981.0,41.50298695956867,0.3418211567207876,0.38190986581146086,262.0,0.22604499220432103,"{'weight_crowd': 0.4189659556759254, 'weight_tiny': 0.10960414221861063, 'weight_edge': 0.21645880930254974, 'weight_night': 0.1309762823138509, 'weight_blur': 0.12399481048906338, 'conf_easy': 0.3, 'conf_hard': 0.45, 'nms_easy': 0.4, 'nms_hard': 0.35, 'threshold_mid': 0.22649577519793795, 'threshold_high': 0.6451727904094499}",True,0.3653152167812634,895.1679550245959,0.3782282610729122,COMPLETE
5,0.2268319845571312,284.0,36.221024313837624,2026-09-11 12:28:30.401106,2026-09-11 12:31:27.474382,0 days 00:02:57.073276,0.35,0.3,0.4,0.5,0.13752094414599325,0.17436642900499144,0.3867353463005374,0.9367299887367345,0.690937738102466,0.005061583846218687,0.16080805141749865,0.543797651758084,0.25281711031833726,43559.0,8226.0,36.221024313837624,0.36621222581748436,0.4161357528910897,284.0,0.2268319845571312,"{'weight_crowd': 0.07495471138740188, 'weight_tiny': 0.2970126706251011, 'weight_edge': 0.1662455119983784, 'weight_night': 0.4026711239907095, 'weight_blur': 0.05911598199840902, 'conf_easy': 0.35, 'conf_hard': 0.3, 'nms_easy': 0.4, 'nms_hard': 0.5, 'threshold_mid': 0.005061583846218687, 'threshold_high': 0.16080805141749865}",False,0.331394755605434,958.1110330288124,0.4372104887891319,COMPLETE
6,0.2260598411166382,284.0,37.46380290063259,2026-09-11 12:31:27.653540,2026-09-11 12:34:27.800273,0 days 00:03:00.146733,0.45,0.25,0.35,0.65,0.7121792213475359,0.5487337893665861,0.6519612595026005,0.22426930946055978,0.6918951976926933,0.3701587002554444,0.015456616528867428,0.5191609996894143,0.24255641303832687,44844.0,6993.0,37.46380290063259,0.35140698853808294,0.3990127944319954,284.0,0.2260598411166382,"{'weight_crowd': 0.1939647465266341, 'weight_tiny': 0.24456900457756034, 'weight_edge': 0.23045327788284975, 'weight_night': 0.07927403160908682, 'weight_blur': 0.251738939403869, 'conf_easy': 0.45, 'conf_hard': 0.25, 'nms_easy': 0.35, 'nms_hard': 0.65, 'threshold_mid': 0.015456616528867428, 'threshold_high': 0.3701587002554444}",False,0.3727701167254976,947.8341531974702,0.46584482491175355,COMPLETE
7,0.133907491276264,149.0,52.731773132191165,2026-09-11 12:34:27.976925,2026-09-11 12:36:59.180742,0 days 00:02:31.203817,0.35,0.3,0.35,0.5,0.8530094554673601,0.9283185625877254,0.9666548190436696,0.9636199770892528,0.42818414831731433,0.7019668772577033,0.795792669436101,0.450437402661326,0.13509087626479968,55728.0,2450.0,52.731773132191165,0.2451514855642971,0.23947329631995284,149.0,0.133907491276264,"{'weight_crowd': 0.22424307603160434, 'weight_tiny': 0.10343144519161082, 'weight_edge': 0.23350351788601895, 'weight_night': 0.2327704265501836, 'weight_blur': 0.20605153434058224, 'conf_easy': 0.35, 'conf_hard': 0.3, 'nms_easy': 0.35, 'nms_hard': 0.5, 'threshold_mid': 0.7019668772577033, 'threshold_high': 0.795792669436101}",True,0.3295122165841476,512.0,0.41146335024755715,COMPLETE
8,0.11536119979211523,114.0,57.6127457556192,2026-09-11 12:36:59.411842,2026-09-11 12:39:24.017920,0 days 00:02:24.606078,0.45,0.35,0.35,0.35,0.578280140996174,0.8900053418175663,0.375582952639944,0.093981939840869,0.3379951568515358,0.9626484146779251,0.8359801205122058,0.4564796678898679,0.11122428999426394,58012.0,1450.0,57.6127457556192,0.224165941578388,0.20860638951464264,114.0,0.11536119979211523,"{'weight_crowd': 0.3910657947766359, 'weight_tiny': 0.1485141025950084, 'weight_edge': 0.16503007226759134, 'weight_night': 0.04129539483826277, 'weight_blur': 0.2540946355225015, 'conf_easy': 0.45, 'conf_hard': 0.35, 'nms_easy': 0.35, 'nms_hard': 0.35, 'threshold_mid': 0.8359801205122058, 'threshold_high': 0.9626484146779251}",True,0.4168855085819245,512.0,0.35000000000000003,COMPLETE
9,0.1800876085826713,253.0,43.08484387808877,2026-09-11 12:39:24.198770,2026-09-11 12:42:07.321040,0 days 00:02:43.122270,0.45,0.25,0.6,0.65,0.25024289816459533,0.695974206093698,0.17329432007084578,0.15643704267108605,0.4089529444142699,0.3746126146264712,0.6258599157142364,0.4505094981626686,0.1962731206696154,49295.0,5669.0,43.08484387808877,0.2945327596761129,0.31790828428358076,253.0,0.1800876085826713,"{'weight_crowd': 0.4130652401254856, 'weight_tiny': 0.24271624538016678, 'weight_edge': 0.10285131159416806, 'weight_night': 0.09284640728014779, 'weight_blur': 0.14852079562003181, 'conf_easy': 0.45, 'conf_hard': 0.25, 'nms_easy': 0.6, 'nms_hard': 0.65, 'threshold_mid': 0.3746126146264712, 'threshold_high': 0.6258599157142364}",True,0.3846049473369705,675.8566408995081,0.6163487631657574,COMPLETE
10,0.186591432177593,160.0,42.316218402484395,2026-09-11 12:42:07.537074,2026-09-11 12:44:54.176362,0 days 00:02:46.639288,0.25,0.4,0.5,0.55,0.021128497657989243,0.03201764692272652,0.9695371107878658,0.4601134845125678,0.0059971829558171375,0.7384055447250208,0.4383211177817,0.5103700354248764,0.20164148734539286,49030.0,5589.0,42.316218402484395,0.31829619705163853,0.35103946344617476,160.0,0.186591432177593,"{'weight_crowd': 0.02150576142983939, 'weight_tiny': 0.0040282156340275925, 'weight_edge': 0.6512231786521316, 'weight_night': 0.3090511570841181, 'weight_blur': 0.01419168719988318, 'conf_easy': 0.25, 'conf_hard': 0.4, 'nms_easy': 0.5, 'nms_hard': 0.55, 'threshold_mid': 0.4383211177817, 'threshold_high': 0.7384055447250208}",True,0.3262374122020941,728.2642304989458,0.5254124707340314,COMPLETE
11,0.12620090578365134,128.0,53.801582689734346,2026-09-11 12:44:54.363590,2026-09-11 12:47:25.994191,0 days 00:02:31.630601,0.35,0.4,0.55,0.55,0.013571464310098189,0.35609122333499366,0.7415437440682708,0.4832461946965884,0.9156379707788742,0.9647260957387356,0.9992753197076503,0.4497522072388128,0.12424116417256377,56801.0,1917.0,53.801582689734346,0.23505599938086635,0.22562213367415984,128.0,0.12620090578365134,"{'weight_crowd': 0.14186389277494518, 'weight_tiny': 0.36478283764113634, 'weight_edge': 0.2954250913886385, 'weight_night': 0.19252141545719495, 'weight_blur': 0.005406762738085049, 'conf_easy': 0.35, 'conf_hard': 0.4, 'nms_easy': 0.55, 'nms_hard': 0.55, 'threshold_mid': 0.9647260957387356, 'threshold_high': 0.9992753197076503}",True,0.3647177258140546,512.0,0.5499999999999999,COMPLETE
12,0.12329051896948548,154.0,54.02872791979036,2026-09-11 12:47:26.174496,2026-09-11 12:49:59.613378,0 days 00:02:33.438882,0.35,0.4,0.7,0.7,0.27064385067844043,0.35887559869352514,0.7677799153813428,0.4228738347125746,0.6285106849182286,0.7089836020820056,0.712446199417957,0.45193665214226253,0.12330114517425195,56880.0,2008.0,54.02872791979036,0.23468290330731859,0.22436041995539854,154.0,0.12329051896948548,"{'weight_crowd': 0.14655856600444317, 'weight_tiny': 0.2566728555394199, 'weight_edge': 0.31354799215924656, 'weight_night': 0.1726943348667217, 'weight_blur': 0.11052625143016868, 'conf_easy': 0.35, 'conf_hard': 0.4, 'nms_easy': 0.7, 'nms_hard': 0.7, 'threshold_mid': 0.7089836020820056, 'threshold_high': 0.712446199417957}",True,0.36730589042780465,512.0,0.7000000000000001,COMPLETE
13,0.1264978840299948,146.0,55.15006942527967,2026-09-11 12:49:59.836343,2026-09-11 12:52:31.872975,0 days 00:02:32.036632,0.35,0.4,0.65,0.6,0.1392665136532431,0.3305796679853259,0.6355864868705622,0.013140315717808215,0.987846750430891,0.5587985830433143,0.3999806993837148,0.448748183667764,0.1254190265339835,56680.0,2000.0,55.15006942527967,0.23584575646993383,0.22659667541557305,146.0,0.1264978840299948,"{'weight_crowd': 0.15693912402459792, 'weight_tiny': 0.4689695667854907, 'weight_edge': 0.30173781436481256, 'weight_night': 0.006238222848753715, 'weight_blur': 0.06611527197634509, 'conf_easy': 0.35, 'conf_hard': 0.4, 'nms_easy': 0.65, 'nms_hard': 0.6, 'threshold_mid': 0.3999806993837148, 'threshold_high': 0.5587985830433143}",True,0.3619641046697782,513.4617006324667,0.6380358953302218,COMPLETE
14,0.2241146336030886,291.0,38.51548074094714,2026-09-11 12:52:32.054017,2026-09-11 12:55:21.132731,0 days 00:02:49.078714,0.4,0.35,0.55,0.4,0.3882706745672632,0.5241916950818849,0.8448345378628919,0.6065334719584279,0.8279103218427117,0.21768567362580807,0.815391626079877,0.5093696101182232,0.23347280674759938,45908.0,6053.0,38.51548074094714,0.34127555003403914,0.3802815416249275,291.0,0.2241146336030886,"{'weight_crowd': 0.16423379720859416, 'weight_tiny': 0.25939147296711296, 'weight_edge': 0.2646939763983024, 'weight_night': 0.19003218892715235, 'weight_blur': 0.12164856449883814, 'conf_easy': 0.4, 'conf_hard': 0.35, 'nms_easy': 0.55, 'nms_hard': 0.4, 'threshold_mid': 0.21768567362580807, 'threshold_high': 0.815391626079877}",False,0.3811544905923886,901.6893886156008,0.49346347177716565,COMPLETE
15,0.1802063998812087,174.0,43.73570009583787,2026-09-11 12:55:21.309861,2026-09-11 12:58:02.337404,0 days 00:02:41.027543,0.25,0.45,0.35,0.55,0.13918584814293655,0.1863244019406769,0.5529756559227348,0.3279853214684622,0.0015605774494256153,0.8208843210274888,0.5039872544988646,0.4762305947191759,0.19309547018650597,49848.0,5187.0,43.73570009583787,0.3011130876069045,0.32669473169756413,174.0,0.1802063998812087,"{'weight_crowd': 0.15423799371934796, 'weight_tiny': 0.0012918347373507188, 'weight_edge': 0.4577492526841342, 'weight_night': 0.2715038793941625, 'weight_blur': 0.1152170394650047, 'conf_easy': 0.25, 'conf_hard': 0.45, 'nms_easy': 0.35, 'nms_hard': 0.55, 'threshold_mid': 0.5039872544988646, 'threshold_high': 0.8208843210274888}",True,0.348265252343651,673.8102600140548,0.44826525234365094,COMPLETE
16,0.1328235206771104,163.0,52.479014213466854,2026-09-11 12:58:02.520067,2026-09-11 13:00:37.625323,0 days 00:02:35.105256,0.35,0.3,0.7,0.55,0.995825229968198,0.5030067096806221,0.8217998095004923,0.6274198266149675,0.5392727789146318,0.5735058520681964,0.9143377735167519,0.4508262191324011,0.13491214660000972,55757.0,2480.0,52.479014213466854,0.2450644291578138,0.2396914497684645,163.0,0.1328235206771104,"{'weight_crowd': 0.14423857907158608, 'weight_tiny': 0.15463797572803756, 'weight_edge': 0.2356533909436588, 'weight_night': 0.17991438788111694, 'weight_blur': 0.2855556663756006, 'conf_easy': 0.35, 'conf_hard': 0.3, 'nms_easy': 0.7, 'nms_hard': 0.55, 'threshold_mid': 0.5735058520681964, 'threshold_high': 0.9143377735167519}",True,0.33006844358665244,512.0,0.6402053307599574,COMPLETE
17,0.2103645407973866,260.0,39.80124107361284,2026-09-11 13:00:37.818142,2026-09-11 13:03:24.945925,0 days 00:02:47.127783,0.35,0.4,0.6,0.4,0.40407178668090626,0.04420811416673598,0.364447477781495,0.7531128212298928,0.12639208893611653,0.3866887379473879,0.7278310813371498,0.48398569557182974,0.2230641525209743,46806.0,6112.0,39.80124107361284,0.3257792800458485,0.3626750074471254,260.0,0.2103645407973866,"{'weight_crowd': 0.026124140556502286, 'weight_tiny': 0.07468956228586472, 'weight_edge': 0.2153649237132676, 'weight_night': 0.4450410420699997, 'weight_blur': 0.2387803313743656, 'conf_easy': 0.35, 'conf_hard': 0.4, 'nms_easy': 0.6, 'nms_hard': 0.4, 'threshold_mid': 0.3866887379473879, 'threshold_high': 0.7278310813371498}",True,0.37326956645053394,785.0456781447646,0.506921734197864,COMPLETE
18,0.17861756626327122,161.0,44.50232417070684,2026-09-11 13:03:25.131656,2026-09-11 13:06:05.805677,0 days 00:02:40.674021,0.4,0.3,0.45,0.7,0.08860412543273745,0.21416402420164876,0.6399644722655501,0.011344719936470127,0.8341739810383295,0.23807554809003573,0.9113615478615079,0.49493079522260075,0.18677992320627768,50535.0,4620.0,44.50232417070684,0.3018223725293663,0.32698394818361026,161.0,0.17861756626327122,"{'weight_crowd': 0.1197617032137102, 'weight_tiny': 0.4664746897529694, 'weight_edge': 0.3578716615943913, 'weight_night': 0.006344029942185484, 'weight_blur': 0.049547915496743644, 'conf_easy': 0.4, 'conf_hard': 0.3, 'nms_easy': 0.45, 'nms_hard': 0.7, 'threshold_mid': 0.23807554809003573, 'threshold_high': 0.9113615478615079}",True,0.37214970190350855,716.1995783555868,0.5196257452412287,COMPLETE
19,0.22559952483480586,305.0,36.09529447255197,2026-09-11 13:06:05.991418,2026-09-11 13:09:04.178490,0 days 00:02:58.187072,0.25,0.4,0.5,0.3,0.22338237529868063,0.27366265853303845,0.8788130652377852,0.5328899176297971,0.5100034321986076,0.8624808991805706,0.23536652308037215,0.5142657564712516,0.24865462580434763,43932.0,7915.0,36.09529447255197,0.35397121627092654,0.39964326614170037,305.0,0.22559952483480586,"{'weight_crowd': 0.1131421166311782, 'weight_tiny': 0.21085400586777442, 'weight_edge': 0.36333334937668427, 'weight_night': 0.22031611303947973, 'weight_blur': 0.0923544150848834, 'conf_easy': 0.25, 'conf_hard': 0.4, 'nms_easy': 0.5, 'nms_hard': 0.3, 'threshold_mid': 0.23536652308037215, 'threshold_high': 0.8624808991805706}",False,0.3117464204420485,907.5361911454673,0.41767143941060203,COMPLETE
20,0.22790110624396762,279.0,37.25816346872024,2026-09-11 13:09:04.364336,2026-09-11 13:11:58.882414,0 days 00:02:54.518078,0.3,0.45,0.3,0.6,0.3422937892772449,0.44074018636086054,0.4913802085234116,0.35056476907983325,0.7860640325023678,0.10747513939973674,0.5674343476223436,0.5095289522885329,0.23992292019278963,45178.0,6540.0,37.25816346872024,0.34607190449394054,0.3866447341023612,279.0,0.22790110624396762,"{'weight_crowd': 0.18280063398575552, 'weight_tiny': 0.32602655247139695, 'weight_edge': 0.20380400159968068, 'weight_night': 0.14539963457835114, 'weight_blur': 0.1419691773648158, 'conf_easy': 0.3, 'conf_hard': 0.45, 'nms_easy': 0.3, 'nms_hard': 0.6, 'threshold_mid': 0.10747513939973674, 'threshold_high': 0.5674343476223436}",False,0.3522484600956117,928.0,0.4044969201912235,COMPLETE
21,0.22603014329200385,289.0,37.799116278614555,2026-09-11 13:11:59.067135,2026-09-11 13:14:54.567447,0 days 00:02:55.500312,0.3,0.45,0.4,0.35,0.20312264299171878,0.09941750363166701,0.7251615496994139,0.2540706734905086,0.20023980845823536,0.24420238843830078,0.7162330641997612,0.5059559079555099,0.23661544548443858,45608.0,6226.0,37.799116278614555,0.3424687728872151,0.3807235489150963,289.0,0.22603014329200385,"{'weight_crowd': 0.06708278453394133, 'weight_tiny': 0.1351134703169397, 'weight_edge': 0.4893087656979734, 'weight_night': 0.1714362926402054, 'weight_blur': 0.13705868681094022, 'conf_easy': 0.3, 'conf_hard': 0.45, 'nms_easy': 0.4, 'nms_hard': 0.35, 'threshold_mid': 0.24420238843830078, 'threshold_high': 0.7162330641997612}",False,0.36639071566915393,928.0,0.3778697614436154,COMPLETE
22,0.14676664934293562,138.0,50.1197693019451,2026-09-11 13:14:54.758338,2026-09-11 13:17:28.606932,0 days 00:02:33.848594,0.35,0.4,0.35,0.55,0.002053499993153518,0.6872018067944927,0.5132840513084478,0.19480547427281464,0.5872694181039121,0.47806217945032947,0.9881508043254984,0.4637065493716858,0.15001855525853983,54178.0,3145.0,50.1197693019451,0.2622585969415205,0.273306477640843,138.0,0.14676664934293562,"{'weight_crowd': 0.3462646741706967, 'weight_tiny': 0.29591111621011446, 'weight_edge': 0.25863164652080944, 'weight_night': 0.09815785320820082, 'weight_blur': 0.0010347098901785502, 'conf_easy': 0.35, 'conf_hard': 0.4, 'nms_easy': 0.35, 'nms_hard': 0.55, 'threshold_mid': 0.47806217945032947, 'threshold_high': 0.9881508043254984}",True,0.3649231557030534,555.8510189739986,0.4096926228122134,COMPLETE
23,0.12958645779196673,144.0,53.41473859515693,2026-09-11 13:17:28.787078,2026-09-11 13:20:00.768853,0 days 00:02:31.981775,0.35,0.35,0.65,0.45,0.4848189006885418,0.13546849950752665,0.24773974682639754,0.3283759555282598,0.14391591134477988,0.6366994186698549,0.8629921679281382,0.4455873598835194,0.12901209334188504,56340.0,2134.0,53.41473859515693,0.23834406026973232,0.2290393121614234,144.0,0.12958645779196673,"{'weight_crowd': 0.10107183297639026, 'weight_tiny': 0.10737437121517988, 'weight_edge': 0.18483640406351193, 'weight_night': 0.24499835645386192, 'weight_blur': 0.361719035291056, 'conf_easy': 0.35, 'conf_hard': 0.35, 'nms_easy': 0.65, 'nms_hard': 0.45, 'threshold_mid': 0.6366994186698549, 'threshold_high': 0.8629921679281382}",True,0.35000000000000003,512.0,0.5647075668350277,COMPLETE
24,0.23038087460093548,270.0,37.16857745688161,2026-09-11 13:20:01.003542,2026-09-11 13:22:56.945532,0 days 00:02:55.941990,0.3,0.4,0.35,0.35,0.3268806953636857,0.2621157651373898,0.877910868487284,0.10840995010688598,0.44885562199637685,0.13534938199219218,0.28728676236279177,0.5355641631099683,0.24967310476580962,44062.0,7498.0,37.16857745688161,0.3611015551055777,0.4075780119438273,270.0,0.23038087460093548,"{'weight_crowd': 0.12949277455301997, 'weight_tiny': 0.22174766876599927, 'weight_edge': 0.43371337893805056, 'weight_night': 0.05355765312756694, 'weight_blur': 0.16148852461536325, 'conf_easy': 0.3, 'conf_hard': 0.4, 'nms_easy': 0.35, 'nms_hard': 0.35, 'threshold_mid': 0.13534938199219218, 'threshold_high': 0.28728676236279177}",True,0.34065685285732084,957.1328179901616,0.35000000000000003,COMPLETE
25,0.20212339446135572,225.0,41.8154468173866,2026-09-11 13:22:57.170712,2026-09-11 13:25:43.538620,0 days 00:02:46.367908,0.35,0.45,0.55,0.55,0.09567251828166612,0.4560689537581355,0.5932669312194949,0.27500200952769366,0.3213291097403033,0.3126025603171496,0.6483818161355172,0.4764109415426083,0.209807812367778,48309.0,5199.0,41.8154468173866,0.31357829861119313,0.3502293077091068,225.0,0.20212339446135572,"{'weight_crowd': 0.26190696751442233, 'weight_tiny': 0.18452984359646432, 'weight_edge': 0.3406957250694321, 'weight_night': 0.1579255544194905, 'weight_blur': 0.054941909400190836, 'conf_easy': 0.35, 'conf_hard': 0.45, 'nms_easy': 0.55, 'nms_hard': 0.55, 'threshold_mid': 0.3126025603171496, 'threshold_high': 0.6483818161355172}",True,0.3895175240731846,770.2375263527758,0.5499999999999999,COMPLETE
26,0.13836216497141585,145.0,50.849271792092736,2026-09-11 13:25:43.726001,2026-09-11 13:28:14.190307,0 days 00:02:30.464306,0.25,0.4,0.4,0.55,0.5520182808826664,0.6012811386148561,0.7041280842380703,0.41278271484023,0.7359730384483683,0.8270184153812138,0.7669810945713582,0.4535778801545002,0.14079063505840675,55211.0,2671.0,50.849271792092736,0.25110163038948663,0.24815581253804017,145.0,0.13836216497141585,"{'weight_crowd': 0.20001479856888763, 'weight_tiny': 0.24481975166640543, 'weight_edge': 0.2342266003221254, 'weight_night': 0.13731122807491183, 'weight_blur': 0.18362762136766975, 'conf_easy': 0.25, 'conf_hard': 0.4, 'nms_easy': 0.4, 'nms_hard': 0.55, 'threshold_mid': 0.7669810945713582, 'threshold_high': 0.8270184153812138}",True,0.3022865892601718,512.0,0.45228658926017185,COMPLETE
27,0.22729230083896354,265.0,37.44221089543698,2026-09-11 13:28:14.391578,2026-09-11 13:31:05.885562,0 days 00:02:51.493984,0.4,0.35,0.35,0.35,0.19410165010757252,0.26922483520342044,0.4625893287034208,0.11029198472915569,0.9469478956116588,0.0009575046180305691,0.006115592974872186,0.5379177572156825,0.23888960270188697,45499.0,6274.0,37.44221089543698,0.35430943362240785,0.3996647986172943,265.0,0.22729230083896354,"{'weight_crowd': 0.1357557734724161, 'weight_tiny': 0.4774954877758775, 'weight_edge': 0.23325920905762254, 'weight_night': 0.05561438521598995, 'weight_blur': 0.09787514447809387, 'conf_easy': 0.4, 'conf_hard': 0.35, 'nms_easy': 0.35, 'nms_hard': 0.35, 'threshold_mid': 0.0009575046180305691, 'threshold_high': 0.006115592974872186}",True,0.3858369680036458,960.0,0.35000000000000003,COMPLETE
28,0.18812087014626178,202.0,43.679141683260085,2026-09-11 13:31:06.072482,2026-09-11 13:33:49.698036,0 days 00:02:43.625554,0.45,0.3,0.6,0.5,0.06577952254655521,0.11373115756895413,0.8050809428991221,0.8390206923880688,0.2618346306197823,0.44555850843093114,0.9239115812917685,0.4673659703923276,0.19683647859948683,49473.0,5001.0,43.679141683260085,0.30136410065487773,0.33392449400341395,202.0,0.18812087014626178,"{'weight_crowd': 0.054535627379958304, 'weight_tiny': 0.12555324465058798, 'weight_edge': 0.38604719455205105, 'weight_night': 0.4023217632020371, 'weight_blur': 0.031542170215365456, 'conf_easy': 0.45, 'conf_hard': 0.3, 'nms_easy': 0.6, 'nms_hard': 0.5, 'threshold_mid': 0.44555850843093114, 'threshold_high': 0.9239115812917685}",True,0.38357098025580433,702.8981026001405,0.555713986837203,COMPLETE
29,0.22567376939639172,292.0,35.81301640574756,2026-09-11 13:33:49.886222,2026-09-11 13:36:47.621493,0 days 00:02:57.735271,0.4,0.25,0.3,0.45,0.4809567813146056,0.9815344426995158,0.9190254132709301,0.5204152808589695,0.07790799579881325,0.17426384974846038,0.9495786432186333,0.5173890375888661,0.2495843111443373,43717.0,8138.0,35.81301640574756,0.3556319802129356,0.40520224798458293,292.0,0.22567376939639172,"{'weight_crowd': 0.32939166903123296, 'weight_tiny': 0.026145027266155293, 'weight_edge': 0.30841435775484444, 'weight_night': 0.17464538226497264, 'weight_blur': 0.16140356368279465, 'conf_easy': 0.4, 'conf_hard': 0.25, 'nms_easy': 0.3, 'nms_hard': 0.45, 'threshold_mid': 0.17426384974846038, 'threshold_high': 0.9495786432186333}",False,0.32593489969506445,928.0,0.3740651003049355,COMPLETE
30,0.12468631672729973,129.0,53.52406798884266,2026-09-11 13:36:47.813563,2026-09-11 13:39:22.248933,0 days 00:02:34.435370,0.35,0.4,0.45,0.7,0.29873483908628135,0.41268078884539633,0.7001033719887318,0.3744551120093566,0.3732591672064446,0.9009237538386387,0.8571193150350616,0.4575398379065382,0.12260366612295603,56956.0,1863.0,53.52406798884266,0.23552209489573994,0.22520949282008115,129.0,0.12468631672729973,"{'weight_crowd': 0.19112376269528739, 'weight_tiny': 0.17286653128825658, 'weight_edge': 0.3242370237405772, 'weight_night': 0.17342040604299844, 'weight_blur': 0.1383522762328805, 'conf_easy': 0.35, 'conf_hard': 0.4, 'nms_easy': 0.45, 'nms_hard': 0.7, 'threshold_mid': 0.8571193150350616, 'threshold_high': 0.9009237538386387}",True,0.3688724521458286,512.0,0.5443622607291427,COMPLETE
31,0.11524240849357785,114.0,57.15242046579464,2026-09-11 13:39:22.520232,2026-09-11 13:41:50.324278,0 days 00:02:27.804046,0.45,0.35,0.35,0.35,0.6273795106582213,0.8697390860371422,0.2745171391685709,0.08615882609429446,0.3309855570778869,0.9610549752605826,0.8397660552357219,0.45797959998515125,0.11100414008384406,58023.0,1447.0,57.15242046579464,0.22432660317993655,0.20841334459891953,114.0,0.11524240849357785,"{'weight_crowd': 0.3973624753226257, 'weight_tiny': 0.1512191901777894, 'weight_edge': 0.1254201538021377, 'weight_night': 0.03936385630742875, 'weight_blur': 0.2866343243900185, 'conf_easy': 0.45, 'conf_hard': 0.35, 'nms_easy': 0.35, 'nms_hard': 0.35, 'threshold_mid': 0.8397660552357219, 'threshold_high': 0.9610549752605826}",True,0.41731333748849103,512.0,0.35000000000000003,COMPLETE
32,0.13591209443908234,133.0,51.66681188796723,2026-09-11 13:41:50.522188,2026-09-11 13:44:25.562369,0 days 00:02:35.040181,0.3,0.35,0.35,0.3,0.8061757293780925,0.7563487678042582,0.026601978834092876,0.2773910994202243,0.2481484757154753,0.7702992882411265,0.9881516957119056,0.4591321866794518,0.13703061463523164,55583.0,2476.0,51.66681188796723,0.24923494268357937,0.24620325312871555,133.0,0.13591209443908234,"{'weight_crowd': 0.35766818471983947, 'weight_tiny': 0.11734641296212016, 'weight_edge': 0.01257975405601239, 'weight_night': 0.13117489604048452, 'weight_blur': 0.38123075222154346, 'conf_easy': 0.3, 'conf_hard': 0.35, 'nms_easy': 0.35, 'nms_hard': 0.3, 'threshold_mid': 0.7702992882411265, 'threshold_high': 0.9881516957119056}",True,0.3187699447999939,512.0,0.3312300552000061,COMPLETE
33,,,,2026-09-11 13:44:25.758084,,,0.45,0.4,0.7,0.35,0.1476621202275165,0.8381873390266017,0.42050714919536497,0.18928865338389772,0.4914965528667272,0.6437441884584315,0.8608813808232787,,,,,,,,,,,,,,,RUNNING
34,0.10913950553121984,111.0,56.26968173252503,2026-09-11 13:48:42.680833,2026-09-11 13:51:15.794978,0 days 00:02:33.114145,0.45,0.4,0.7,0.35,0.1438945735377293,0.3113453348145481,0.42997719850486626,0.1731443841478927,0.5031248849295555,0.9982279347453414,0.8589265637486657,0.4523048651779398,0.1048374053592642,58631.0,1253.0,56.26968173252503,0.21670956042523315,0.19681291390728478,111.0,0.10913950553121984,"{'weight_crowd': 0.19939036267812424, 'weight_tiny': 0.32220894955194324, 'weight_edge': 0.2753640410391114, 'weight_night': 0.11088433867651334, 'weight_blur': 0.09215230805430788, 'conf_easy': 0.45, 'conf_hard': 0.4, 'nms_easy': 0.7, 'nms_hard': 0.35, 'threshold_mid': 0.8589265637486657, 'threshold_high': 0.9982279347453414}",True,0.4353642836444175,512.0,0.5975499855109222,COMPLETE
35,0.13500631078773478,150.0,50.78639215859262,2026-09-11 13:51:16.028548,2026-09-11 13:53:49.816339,0 days 00:02:33.787791,0.35,0.25,0.35,0.65,0.07302686703403435,0.8412825911387545,0.32061176521279533,0.06782026776262096,0.6359454479361761,0.6375096533353836,0.9326592728944615,0.4507565308729352,0.13713488062933524,55504.0,2599.0,50.78639215859262,0.24706560080996248,0.24334535672800636,150.0,0.13500631078773478,"{'weight_crowd': 0.43394452924724514, 'weight_tiny': 0.3280289535743845, 'weight_edge': 0.16537572866933145, 'weight_night': 0.034982578360305897, 'weight_blur': 0.03766821014873297, 'conf_easy': 0.35, 'conf_hard': 0.25, 'nms_easy': 0.35, 'nms_hard': 0.65, 'threshold_mid': 0.6375096533353836, 'threshold_high': 0.9326592728944615}",True,0.32364898540183135,512.0,0.4290530437945059,COMPLETE
36,0.22662409978469078,291.0,35.12063939020484,2026-09-11 13:53:50.044803,2026-09-11 13:56:47.313486,0 days 00:02:57.268683,0.35,0.3,0.5,0.55,0.18479139633622932,0.6090738634337447,0.1133376372667258,0.8877795425395276,0.8718207898963259,0.06454314422932828,0.10165793206719542,0.5383773922996266,0.2528721612103844,43534.0,8258.0,35.12063939020484,0.3643502211070958,0.41273864848009334,291.0,0.22662409978469078,"{'weight_crowd': 0.22839100264409415, 'weight_tiny': 0.326916054495988, 'weight_edge': 0.04249943753410783, 'weight_night': 0.3329002802786896, 'weight_blur': 0.06929322504712049, 'conf_easy': 0.35, 'conf_hard': 0.3, 'nms_easy': 0.5, 'nms_hard': 0.55, 'threshold_mid': 0.06454314422932828, 'threshold_high': 0.10165793206719542}",False,0.33208173983338035,958.7631763879128,0.5179182601666197,COMPLETE
37,0.18473531813794639,214.0,44.34467777109242,2026-09-11 13:56:47.527579,2026-09-11 13:59:26.045677,0 days 00:02:38.518098,0.45,0.45,0.4,0.4,0.9653379460654552,0.24155493298033964,0.5535381444593666,0.7298348295317013,0.7417185705184188,0.4253080865288993,0.7722202106037092,0.4639839290691172,0.18516192856748948,50983.0,3707.0,44.34467777109242,0.29101444713864183,0.3103850641773629,214.0,0.18473531813794639,"{'weight_crowd': 0.07473889144385845, 'weight_tiny': 0.2294932379972629, 'weight_edge': 0.1712688156616973, 'weight_night': 0.22581632021879014, 'weight_blur': 0.2986827346783912, 'conf_easy': 0.45, 'conf_hard': 0.45, 'nms_easy': 0.4, 'nms_hard': 0.4, 'threshold_mid': 0.4253080865288993, 'threshold_high': 0.7722202106037092}",True,0.4500000000000001,704.3598032326072,0.39999999999999986,COMPLETE
38,0.21655653723364762,342.0,34.4872985601134,2026-09-11 13:59:26.255020,2026-09-11 14:02:33.765787,0 days 00:03:07.510767,0.3,0.25,0.65,0.5,0.6723458489108196,0.40914399346557867,0.9949242063124084,0.2360205712476507,0.4529146070667494,0.3023133259759604,0.3198725735968875,0.5418434990230857,0.26031505992537857,42135.0,10284.0,34.4872985601134,0.3703999367129,0.422291154134132,342.0,0.21655653723364762,"{'weight_crowd': 0.14795382422963108, 'weight_tiny': 0.16378206508028295, 'weight_edge': 0.35978248121326867, 'weight_night': 0.08534928208811617, 'weight_blur': 0.24313234738870104, 'conf_easy': 0.3, 'conf_hard': 0.25, 'nms_easy': 0.65, 'nms_hard': 0.5, 'threshold_mid': 0.3023133259759604, 'threshold_high': 0.3198725735968875}",False,0.2779799599371451,928.2023893183415,0.5839398798114354,COMPLETE
39,0.1526171207959017,155.0,48.4335915648521,2026-09-11 14:02:34.052081,2026-09-11 14:05:10.370238,0 days 00:02:36.318157,0.35,0.3,0.55,0.6,0.7724420771224505,0.17845416588123986,0.6732717907646601,0.1548039404974858,0.07225674108079932,0.6089582803996045,0.6438213784070332,0.46142155961832065,0.1568958533004817,53649.0,3263.0,48.4335915648521,0.2674391139120023,0.27652305940406147,155.0,0.1526171207959017,"{'weight_crowd': 0.09639768679140491, 'weight_tiny': 0.03903177413022654, 'weight_edge': 0.36368914612400693, 'weight_night': 0.08362226623548207, 'weight_blur': 0.4172591267188796, 'conf_easy': 0.35, 'conf_hard': 0.3, 'nms_easy': 0.55, 'nms_hard': 0.6, 'threshold_mid': 0.6089582803996045, 'threshold_high': 0.6438213784070332}",True,0.32654009142815965,558.2122276879832,0.5734599085718404,COMPLETE
40,0.13727819437226224,141.0,51.536732952780476,2026-09-11 14:05:10.592098,2026-09-11 14:07:45.296862,0 days 00:02:34.704764,0.25,0.4,0.35,0.65,0.573689467505592,0.9493049473360823,0.7635917183544559,0.3088279693555735,0.3751853712990347,0.9026571487153403,0.883249627020208,0.45290656863306,0.13899037090828625,55396.0,2563.0,51.536732952780476,0.24931525593959067,0.24503707685353726,141.0,0.13727819437226224,"{'weight_crowd': 0.3195667930639987, 'weight_tiny': 0.1262995481557425, 'weight_edge': 0.25704970497575186, 'weight_night': 0.10396149735906503, 'weight_blur': 0.19312245644544196, 'conf_easy': 0.25, 'conf_hard': 0.4, 'nms_easy': 0.35, 'nms_hard': 0.65, 'threshold_mid': 0.883249627020208, 'threshold_high': 0.9026571487153403}",True,0.307873879612075,512.0,0.46574775922414996,COMPLETE
41,0.16163041057242558,142.0,46.544462204132266,2026-09-11 14:07:45.507750,2026-09-11 14:10:27.439847,0 days 00:02:41.932097,0.35,0.4,0.3,0.45,0.0538916456989477,0.057570464473293004,0.9402643629173945,0.21331784044351512,0.22263504682042218,0.5138811575365111,0.8020100119070004,0.46889022640158784,0.1683060594839488,52439.0,3879.0,46.544462204132266,0.2792958856873143,0.3035179380006966,142.0,0.16163041057242558,"{'weight_crowd': 0.03869816709671256, 'weight_tiny': 0.14965257484483024, 'weight_edge': 0.632034286402901, 'weight_night': 0.14338966186424504, 'weight_blur': 0.0362253097913111, 'conf_easy': 0.35, 'conf_hard': 0.4, 'nms_easy': 0.3, 'nms_hard': 0.45, 'threshold_mid': 0.5138811575365111, 'threshold_high': 0.8020100119070004}",True,0.3717614071707291,635.221363316936,0.3652842215121874,COMPLETE
42,0.19328829163263792,200.0,41.169890669148714,2026-09-11 14:10:27.641411,2026-09-11 14:13:17.991023,0 days 00:02:50.349612,0.25,0.35,0.5,0.55,0.03630110717842938,0.7581504744694209,0.40800137764793926,0.462296896880037,0.2843601868522235,0.7298058351705489,0.4463987628201711,0.47358010767564873,0.21683172485512772,47051.0,7077.0,41.169890669148714,0.31761777087911924,0.3607627011275814,200.0,0.19328829163263792,"{'weight_crowd': 0.38897263763086065, 'weight_tiny': 0.14589232037943545, 'weight_edge': 0.20932701009230173, 'weight_night': 0.23718357951808267, 'weight_blur': 0.018624452379319544, 'conf_easy': 0.25, 'conf_hard': 0.35, 'nms_easy': 0.5, 'nms_hard': 0.55, 'threshold_mid': 0.4463987628201711, 'threshold_high': 0.7298058351705489}",True,0.29132576679431477,670.279690794097,0.5206628833971575,COMPLETE
43,0.21545771772217684,234.0,39.81445505155317,2026-09-11 14:13:18.192324,2026-09-11 14:16:13.958441,0 days 00:02:55.766117,0.45,0.4,0.55,0.55,0.8917728472008135,0.000650244320701765,0.5970446750394399,0.6333561215103034,0.16334104086999313,0.3127408842182676,0.9696048638251105,0.4910210570928276,0.21765049514996415,47795.0,4806.0,39.81445505155317,0.32413266126495704,0.35624475196562744,234.0,0.21545771772217684,"{'weight_crowd': 0.0002844258139341243, 'weight_tiny': 0.07144761902442365, 'weight_edge': 0.2611555568372479, 'weight_night': 0.2770386832080473, 'weight_blur': 0.390073715116347, 'conf_easy': 0.45, 'conf_hard': 0.4, 'nms_easy': 0.55, 'nms_hard': 0.55, 'threshold_mid': 0.3127408842182676, 'threshold_high': 0.9696048638251105}",True,0.4266311749552399,877.1328179901616,0.5499999999999999,COMPLETE
44,0.13261563590467,141.0,52.46193315580054,2026-09-11 14:16:14.193542,2026-09-11 14:18:48.568715,0 days 00:02:34.375173,0.35,0.3,0.35,0.35,0.1288980895248751,0.896945919678276,0.8101662330921817,0.5587392824145113,0.989461255532115,0.772774605551797,0.9992934770837725,0.44936615793329904,0.13349949234887853,55891.0,2382.0,52.46193315580054,0.24342247713122342,0.23727226814156022,141.0,0.13261563590467,"{'weight_crowd': 0.26503843227346124, 'weight_tiny': 0.2923757767420657, 'weight_edge': 0.23939591405540578, 'weight_night': 0.16510179734566163, 'weight_blur': 0.03808807958340566, 'conf_easy': 0.35, 'conf_hard': 0.3, 'nms_easy': 0.35, 'nms_hard': 0.35, 'threshold_mid': 0.772774605551797, 'threshold_high': 0.9992934770837725}",True,0.3345054679839696,512.0,0.35000000000000003,COMPLETE
45,0.2289108322815354,260.0,36.493044938961454,2026-09-11 14:18:48.773338,2026-09-11 14:21:46.095592,0 days 00:02:57.322254,0.35,0.4,0.45,0.55,0.25970477458137914,0.5917123448499332,0.1672930812103004,0.1568411770746942,0.626600301919256,0.07019130437126447,0.08681605413780463,0.5371343386492974,0.2429789171789242,44965.0,6704.0,36.493044938961454,0.35701459310192346,0.4014352528803576,260.0,0.2289108322815354,"{'weight_crowd': 0.3283365942702399, 'weight_tiny': 0.34769565125948176, 'weight_edge': 0.0928296342093308, 'weight_night': 0.08702995360879455, 'weight_blur': 0.144108166652153, 'conf_easy': 0.35, 'conf_hard': 0.4, 'nms_easy': 0.45, 'nms_hard': 0.55, 'threshold_mid': 0.07019130437126447, 'threshold_high': 0.08681605413780463}",True,0.3668681722173334,960.0,0.48373634443466695,COMPLETE
46,0.13383324671467814,140.0,50.93093442599684,2026-09-11 14:21:46.294887,2026-09-11 14:24:25.236137,0 days 00:02:38.941250,0.4,0.25,0.6,0.3,0.15598293067695923,0.672502554176609,0.34403931986761044,0.9791820412216945,0.06437543889318181,0.9432523112026818,0.9026317043773778,0.4516256635637377,0.13580227690411742,55628.0,2564.0,50.93093442599684,0.2460705325051423,0.2416386935535246,140.0,0.13383324671467814,"{'weight_crowd': 0.3034646135562428, 'weight_tiny': 0.029049209649696872, 'weight_edge': 0.15524663602148797, 'weight_night': 0.44185274523510487, 'weight_blur': 0.07038679553746752, 'conf_easy': 0.4, 'conf_hard': 0.25, 'nms_easy': 0.6, 'nms_hard': 0.3, 'threshold_mid': 0.9026317043773778, 'threshold_high': 0.9432523112026818}",True,0.3354096077191225,512.0,0.47081921543824484,COMPLETE
47,0.17402925235726482,173.0,43.79151424453604,2026-09-11 14:24:25.437301,2026-09-11 14:27:11.810523,0 days 00:02:46.373222,0.25,0.4,0.7,0.55,0.017243441991545528,0.35579259455811557,0.8710593780779416,0.3875171977443398,0.007703785408610553,0.5322728275789339,0.5630078661602742,0.48192256917855747,0.18766968794688357,50417.0,5035.0,43.79151424453604,0.29905257646368666,0.32879473283468447,173.0,0.17402925235726482,"{'weight_crowd': 0.21703717173805986, 'weight_tiny': 0.004699388976429807, 'weight_edge': 0.5313552522607938, 'weight_night': 0.2363895086201747, 'weight_blur': 0.01051867840454178, 'conf_easy': 0.25, 'conf_hard': 0.4, 'nms_easy': 0.7, 'nms_hard': 0.55, 'threshold_mid': 0.5322728275789339, 'threshold_high': 0.5630078661602742}",True,0.3233026315867137,655.0442726633872,0.6266973684132864,COMPLETE
48,0.2008166901774445,285.0,38.59356463656908,2026-09-11 14:27:12.013254,2026-09-11 14:30:05.044863,0 days 00:02:53.031609,0.35,0.3,0.5,0.7,0.36952161933392175,0.3114891045666772,0.7729265691488727,0.6835343793312624,0.5697841389840035,0.6967169853520971,0.3910873009652551,0.4664175578695793,0.22564964324761513,46125.0,7411.0,38.59356463656908,0.3215779663037151,0.36454947070100857,285.0,0.2008166901774445,"{'weight_crowd': 0.11505713765913182, 'weight_tiny': 0.21046557055750606, 'weight_edge': 0.28550185981842535, 'weight_night': 0.2524823758663169, 'weight_blur': 0.13649305609861986, 'conf_easy': 0.35, 'conf_hard': 0.3, 'nms_easy': 0.5, 'nms_hard': 0.7, 'threshold_mid': 0.3910873009652551, 'threshold_high': 0.6967169853520971}",False,0.32982367917796396,739.8791286015461,0.5807052832881442,COMPLETE
49,0.1454747939713416,127.0,48.21027314300201,2026-09-11 14:30:05.257599,2026-09-11 14:32:46.268581,0 days 00:02:41.010982,0.45,0.45,0.35,0.6,0.10936900035649155,0.4768277886835907,0.9204696885836052,0.05585032649339905,0.6807429559091099,0.3637928400482709,0.9350369834939528,0.457901852370283,0.1465962713828706,54601.0,2820.0,48.21027314300201,0.25769653932464676,0.26872836483373336,127.0,0.1454747939713416,"{'weight_crowd': 0.2125602202564461, 'weight_tiny': 0.3034614929753656, 'weight_edge': 0.41032683997900277, 'weight_night': 0.024896950183222133, 'weight_blur': 0.04875449660596344, 'conf_easy': 0.45, 'conf_hard': 0.45, 'nms_easy': 0.35, 'nms_hard': 0.6, 'threshold_mid': 0.3637928400482709, 'threshold_high': 0.9350369834939528}",True,0.4500000000000001,639.6064652143359,0.43063447608671995,COMPLETE
50,0.22705471824188878,289.0,36.376987395181885,2026-09-11 14:32:46.481154,2026-09-11 14:35:43.403948,0 days 00:02:56.922794,0.35,0.35,0.55,0.4,0.2355930948016837,0.16105802325502072,0.6116788532028365,0.47990357719776106,0.4050921094227974,0.17187361721112304,0.8220619171166044,0.5087114807708452,0.2421180095339318,44842.0,6923.0,36.376987395181885,0.34732362946138085,0.3903028799950398,289.0,0.22705471824188878,"{'weight_crowd': 0.08506620220599166, 'weight_tiny': 0.2139579674192801, 'weight_edge': 0.32307112654233777, 'weight_night': 0.25347122678044454, 'weight_blur': 0.12443347705194588, 'conf_easy': 0.35, 'conf_hard': 0.35, 'nms_easy': 0.55, 'nms_hard': 0.4, 'threshold_mid': 0.17187361721112304, 'threshold_high': 0.8220619171166044}",False,0.35000000000000003,928.0,0.4891453411539884,COMPLETE
