frame,sci,sci_updated,tier,confidence,nms,input_h,input_w,tracked_boxes,crowd,tiny,edge_norm,night,blur,sci_raw,laplacian_variance,frame_wall_ms,sequence
11,0.5194358970437767,1,baseline,0.09,0.7,896,1600,37,1.0,0.1891891891891892,1.0,0.0,0.0,0.6051584151495029,2013.9189768273463,208.70514299986095,uav0000086_00000_v
21,0.5483985166128931,1,baseline,0.09,0.7,896,1600,36,1.0,0.1944444444444444,1.0,0.0,0.0,0.606323755751126,1983.4898701343247,218.6497610000515,uav0000086_00000_v
31,0.5640867863062753,1,baseline,0.09,0.7,896,1600,37,1.0,0.2162162162162162,1.0,0.0,0.0,0.6111515953864217,1955.7260290690351,258.0614130001777,uav0000086_00000_v
41,0.570913217704266,1,baseline,0.09,0.7,896,1600,37,1.0,0.1578947368421052,1.0,0.0,0.0,0.5982189432962284,1969.9895655410432,273.338221999893,uav0000086_00000_v
51,0.5756218872389857,1,baseline,0.09,0.7,896,1600,37,1.0,0.1621621621621621,1.0,0.0,0.0,0.599165234912584,1992.2956169150916,213.26727699988623,uav0000086_00000_v
61,0.5789852226209282,1,baseline,0.09,0.7,896,1600,37,1.0,0.1621621621621621,1.0,0.0,0.0,0.599165234912584,1996.1418769499007,209.1418239997438,uav0000086_00000_v
71,0.6027638968134073,1,baseline,0.09,0.7,896,1600,36,1.0,0.1666666666666666,1.0,0.0,0.0,0.6001640982854037,1921.0772283818576,215.6091879996893,uav0000086_00000_v
81,0.6019077282081332,1,baseline,0.09,0.7,896,1600,37,1.0,0.1621621621621621,1.0,0.0,0.0,0.599165234912584,1948.2135562799908,212.26192799986163,uav0000086_00000_v
91,0.6007498978574335,1,baseline,0.09,0.7,896,1600,38,1.0,0.1578947368421052,1.0,0.0,0.0,0.5982189432962284,1946.6834045040805,260.69176800001514,uav0000086_00000_v
101,0.5987741241529546,1,baseline,0.09,0.7,896,1600,39,1.0,0.1538461538461538,1.0,0.0,0.0,0.5973211794550704,1966.510790221438,245.757114999833,uav0000086_00000_v
111,0.5986458721756465,1,baseline,0.09,0.7,896,1600,39,1.0,0.1538461538461538,1.0,0.0,0.0,0.5973211794550704,1962.884929966252,222.61464200028055,uav0000086_00000_v
121,0.599542810714505,1,baseline,0.09,0.7,896,1600,43,1.0,0.1904761904761904,1.0,0.0,0.0,0.6054438046845942,1986.497384844824,228.14244999972288,uav0000086_00000_v
131,0.601772831267777,1,baseline,0.09,0.7,896,1600,45,1.0,0.2325581395348837,1.0,0.0,0.0,0.6147753787854889,1955.554051584334,213.1633460003286,uav0000086_00000_v
141,0.6030927578675749,1,baseline,0.09,0.7,896,1600,46,1.0,0.2083333333333333,1.0,0.0,0.0,0.609403584483987,1979.9628020398436,207.5225609996778,uav0000086_00000_v
151,0.6038954159350193,1,baseline,0.09,0.7,896,1600,48,1.0,0.1875,1.0,0.0,0.0,0.6047838413846954,2027.5574964753848,209.00741000014025,uav0000086_00000_v
161,0.6057801623841581,1,baseline,0.09,0.7,896,1600,47,1.0,0.217391304347826,1.0,0.0,0.0,0.6114121684402007,1998.8190142594465,271.10885100000814,uav0000086_00000_v
171,0.6081661835453307,1,baseline,0.09,0.7,896,1600,50,1.0,0.2291666666666666,1.0,0.0,0.0,0.6140233275832787,2021.2112102121228,267.4153389998537,uav0000086_00000_v
181,0.6115289503903536,1,baseline,0.09,0.7,896,1600,50,1.0,0.26,1.0,0.0,0.0,0.6208605473702303,2022.9578536732613,224.1804180002873,uav0000086_00000_v
191,0.6138994308144801,1,baseline,0.09,0.7,896,1600,48,1.0,0.2653061224489796,1.0,0.0,0.0,0.6220371676534785,2057.800867935836,212.87938500017844,uav0000086_00000_v
201,0.6159185433392349,1,baseline,0.09,0.7,896,1600,53,1.0,0.2962962962962963,1.0,0.0,0.0,0.628909166458774,2067.577310945453,217.4397050002881,uav0000086_00000_v
211,0.617555252322984,1,baseline,0.09,0.7,896,1600,50,1.0,0.26,1.0,0.0,0.0,0.6208605473702303,2071.0440643109,214.76489299993773,uav0000086_00000_v
221,0.6195351422226805,1,baseline,0.09,0.7,896,1600,52,1.0,0.25,1.0,0.0,0.0,0.6186430706825703,2108.330086979114,221.32003699971392,uav0000086_00000_v
231,0.6208849106412561,1,baseline,0.09,0.7,896,1600,50,1.0,0.26,1.0,0.0,0.0,0.6208605473702303,2111.232667321043,267.99835500014524,uav0000086_00000_v
241,0.6221540708333693,1,baseline,0.09,0.7,896,1600,52,1.0,0.2692307692307692,1.0,0.0,0.0,0.6229074489280704,2123.315804545164,262.23671899970213,uav0000086_00000_v
251,0.6238905076046585,1,baseline,0.09,0.7,896,1600,55,1.0,0.3148148148148148,1.0,0.0,0.0,0.6330156047692554,2135.2106648672275,223.4196399999746,uav0000086_00000_v
261,0.6248722217197008,1,baseline,0.09,0.7,896,1600,54,1.0,0.2962962962962963,1.0,0.0,0.0,0.628909166458774,2113.37568893298,217.8322549998484,uav0000086_00000_v
271,0.625277532513982,1,baseline,0.09,0.7,896,1600,55,1.0,0.3090909090909091,1.0,0.0,0.0,0.631746342018743,2133.87275545744,229.50802300010764,uav0000086_00000_v
281,0.6279647210123286,1,baseline,0.09,0.7,896,1600,58,1.0,0.3448275862068966,1.0,0.0,0.0,0.6396708668586565,2127.9393512819192,213.58373099974412,uav0000086_00000_v
291,0.6311603327802596,1,baseline,0.09,0.7,896,1600,57,1.0,0.3508771929824561,1.0,0.0,0.0,0.6410123530580878,2138.654402936534,280.87568999990253,uav0000086_00000_v
301,0.6338475212786062,1,baseline,0.09,0.7,896,1600,58,1.0,0.3448275862068966,1.0,0.0,0.0,0.6396708668586565,2080.148159895692,262.49819599979674,uav0000086_00000_v
311,0.6372630186087257,1,baseline,0.09,0.7,896,1600,62,1.0,0.3770491803278688,1.0,0.0,0.0,0.6468159302389063,2028.5007780194069,231.68020699995395,uav0000086_00000_v
321,0.639358140195706,1,baseline,0.09,0.7,896,1600,63,1.0,0.3809523809523809,1.0,0.0,0.0,0.6476814558781179,1990.4962650055024,228.67993899990324,uav0000086_00000_v
331,0.6416685758165483,1,baseline,0.09,0.7,896,1600,63,1.0,0.3692307692307692,1.0,0.0,0.0,0.6450822158046703,1949.4908959057664,217.7278619997196,uav0000086_00000_v
341,0.6443406895172414,1,baseline,0.09,0.7,896,1600,63,1.0,0.3934426229508196,1.0,0.0,0.0,0.6504511379235949,1919.6973720359224,219.62488700000904,uav0000086_00000_v
351,0.6470631694217577,1,baseline,0.09,0.7,896,1600,67,1.0,0.4307692307692308,1.0,0.0,0.0,0.6587282261902703,1889.3068713072023,274.4798919998175,uav0000086_00000_v
361,0.65038954791165,1,baseline,0.09,0.7,896,1600,67,1.0,0.4558823529411764,1.0,0.0,0.0,0.6642970024873349,1881.8099520613532,280.96511700005067,uav0000086_00000_v
371,0.6528302742535174,1,baseline,0.09,0.7,896,1600,64,1.0,0.421875,1.0,0.0,0.0,0.6567559512517265,1848.2214000424665,229.3263950000437,uav0000086_00000_v
381,0.6548052463939001,1,baseline,0.09,0.7,896,1600,64,1.0,0.4393939393939394,1.0,0.0,0.0,0.6606407352215854,1829.7663914650316,222.47860500010572,uav0000086_00000_v
391,0.6560217686056952,1,baseline,0.09,0.7,896,1600,62,1.0,0.4193548387096774,1.0,0.0,0.0,0.6561971113606831,1843.726499737246,225.60646700003417,uav0000086_00000_v
401,0.6589459136883236,1,baseline,0.09,0.7,896,1600,64,1.0,0.4615384615384615,1.0,0.0,0.0,0.6655512313830703,1855.6989022482423,222.5356720000491,uav0000086_00000_v
411,0.6611394398605344,1,baseline,0.09,0.7,896,1600,64,1.0,0.4626865671641791,1.0,0.0,0.0,0.6658058211290702,1859.869026610845,250.04371600016384,uav0000086_00000_v
421,0.6612887913566902,1,baseline,0.09,0.7,896,1600,62,1.0,0.4354838709677419,1.0,0.0,0.0,0.6597736866633606,1883.332486988478,286.9940800001132,uav0000086_00000_v
431,0.6589151418410877,1,baseline,0.09,0.7,896,1600,64,1.0,0.3809523809523809,1.0,0.0,0.0,0.6476814558781179,1901.839324901115,230.15188299996225,uav0000086_00000_v
441,0.6594701109796389,1,baseline,0.09,0.7,896,1600,66,1.0,0.4393939393939394,1.0,0.0,0.0,0.6606407352215854,1949.7742052686056,227.9227099998025,uav0000086_00000_v
451,0.659992434874746,1,baseline,0.09,0.7,896,1600,68,1.0,0.4558823529411764,1.0,0.0,0.0,0.6642970024873349,1966.9895842875192,221.5973719999056,uav0000086_00000_v
461,0.6611894927311524,1,baseline,0.09,0.7,896,1600,71,1.0,0.4571428571428571,1.0,0.0,0.0,0.6645765163555273,1996.948250351702,242.89371400027449,uav0000086_00000_v
11,0.4414685941978084,1,baseline,0.09,0.7,896,1600,72,1.0,0.0,0.8495754322671476,1.0,0.0,0.5515226590719264,562.1436211071242,260.47662599967225,uav0000117_02622_v
21,0.4605303172535755,1,baseline,0.09,0.7,896,1600,50,1.0,0.0,0.7276771965330634,1.0,0.0,0.4986537633651097,329.3128283218143,248.7225889999536,uav0000117_02622_v
31,0.479086339355818,1,baseline,0.09,0.7,896,1600,62,1.0,0.0,0.8109133705838355,1.0,0.0,0.5347544056625457,567.2676002776903,348.1278099998235,uav0000117_02622_v
41,0.4750569672795487,1,baseline,0.09,0.7,896,1600,57,1.0,0.0,0.6361091557041665,1.0,0.0,0.4589394789744714,290.8695258601577,258.5452579996854,uav0000117_02622_v
51,0.4780873499548024,1,baseline,0.09,0.7,896,1600,67,1.0,0.0,0.7151931453209555,1.0,0.0,0.4932392633310707,496.450436454147,255.5513819997941,uav0000117_02622_v
61,0.4812213396313896,1,baseline,0.09,0.7,896,1600,69,1.0,0.0,0.7308394562013286,1.0,0.0,0.5000252776909127,526.2546833382526,253.7390749998849,uav0000117_02622_v
71,0.5053631092222669,1,baseline,0.09,0.7,896,1600,77,1.0,0.0,0.7317193893264111,1.0,0.0,0.5004069164598317,582.316620253392,262.7298070001416,uav0000117_02622_v
81,0.4941303217067166,1,baseline,0.09,0.7,896,1600,64,1.0,0.0,0.6682817105899952,1.0,0.0,0.4728931464630742,402.57048289955696,309.22294199990574,uav0000117_02622_v
91,0.4905660882041333,1,baseline,0.09,0.7,896,1600,61,1.0,0.0,0.6701515684807954,1.0,0.0,0.473704128847027,491.6216221488571,313.35726099996464,uav0000117_02622_v
101,0.4747502279725463,1,baseline,0.09,0.7,896,1600,56,1.0,0.0,0.5556502705794358,1.0,0.0,0.4240433840414361,289.92609217383705,263.0323519997546,uav0000117_02622_v
111,0.4705607202369572,1,baseline,0.09,0.7,896,1600,57,1.0,0.0,0.5684917946236085,1.0,0.0,0.4296129248253484,420.4793925118857,250.00090499997896,uav0000117_02622_v
121,0.4649945869420531,1,baseline,0.09,0.7,896,1600,59,1.0,0.0,0.6253574728320647,1.0,0.0,0.4542763302667418,499.0932153100218,257.9830499998934,uav0000117_02622_v
131,0.457637628016984,1,baseline,0.09,0.7,896,1600,60,1.0,0.0166666666666666,0.6035791279862729,1.0,0.0,0.4485265652154287,459.2432090305055,262.1804689997589,uav0000117_02622_v
141,0.449537209468709,1,baseline,0.09,0.7,896,1600,65,1.0,0.015625,0.5929924325751242,1.0,0.0,0.4437039866219069,421.5471518063386,343.66010800022195,uav0000117_02622_v
151,0.4403645869186174,1,baseline,0.09,0.7,896,1600,57,1.0,0.0175438596491228,0.5112686435830877,1.0,0.0,0.4086847886124325,372.30557876691984,327.7717470000425,uav0000117_02622_v
161,0.4291437664713901,1,baseline,0.09,0.7,896,1600,61,1.0,0.0298507462686567,0.4737889920366052,1.0,0.0,0.3951583857164361,262.23497278681003,250.74117199983448,uav0000117_02622_v
171,0.4338457308545317,1,baseline,0.09,0.7,896,1600,77,1.0,0.0405405405405405,0.6108110783580448,1.0,0.0,0.4569571347234272,444.7953014362408,277.3317430001043,uav0000117_02622_v
181,0.4351246725080543,1,baseline,0.09,0.7,896,1600,74,1.0,0.05,0.5635696687051783,1.0,0.0,0.4385655164000074,384.3341214139953,259.6014880000439,uav0000117_02622_v
191,0.4342588485349546,1,baseline,0.09,0.7,896,1600,74,1.0,0.0547945205479452,0.5833681640195345,1.0,0.0,0.4482155624550435,444.4211848565808,282.2120860000723,uav0000117_02622_v
201,0.4266889215468726,1,baseline,0.09,0.7,896,1600,49,1.0,0.0333333333333333,0.4728815610013638,1.0,0.0,0.3955370762988549,280.6105057850272,322.2123099999408,uav0000117_02622_v
211,0.4279125915388287,1,baseline,0.09,0.7,896,1600,77,1.0,0.0595238095238095,0.5902976373795591,1.0,0.0,0.4522696765655997,393.0277755909004,264.4349189999957,uav0000117_02622_v
221,0.4358724679988447,1,baseline,0.09,0.7,896,1600,81,1.0,0.0493827160493827,0.6234601170311056,1.0,0.0,0.4644039238325441,465.5989065715103,268.9076360002218,uav0000117_02622_v
231,0.4440971397227229,1,baseline,0.09,0.7,896,1600,75,1.0,0.050632911392405,0.5959072110519601,1.0,0.0,0.4527310877835838,435.9671825074884,261.4141330000166,uav0000117_02622_v
241,0.4455365435298579,1,baseline,0.09,0.7,896,1600,78,1.0,0.0897435897435897,0.6088862246469269,1.0,0.0,0.4670329613733717,431.7190560432037,256.4175699999396,uav0000117_02622_v
251,0.4539440617572291,1,baseline,0.09,0.7,896,1600,89,1.0,0.0786516853932584,0.6846154692243389,1.0,0.0,0.4974181439916057,485.60355909054,325.62604399981865,uav0000117_02622_v
261,0.4587122803582842,1,baseline,0.09,0.7,896,1600,92,1.0,0.0674157303370786,0.6538728056667692,1.0,0.0,0.481593092662429,489.6010132949235,340.2792439997029,uav0000117_02622_v
271,0.4695686865808212,1,baseline,0.09,0.7,896,1600,89,1.0,0.034090909090909,0.6477132737911918,1.0,0.0,0.4715319198566141,505.40018116453984,338.1262020002396,uav0000117_02622_v
281,0.4711928010682848,1,baseline,0.09,0.7,896,1600,86,1.0,0.0581395348837209,0.6172180914250517,1.0,0.0,0.4636384779778452,483.8635814163087,259.50614900011715,uav0000117_02622_v
291,0.4701614848262602,1,baseline,0.09,0.7,896,1600,88,1.0,0.0459770114942528,0.6085562497250209,1.0,0.0,0.457184710138372,462.8369764148779,258.26038400009566,uav0000117_02622_v
301,0.4718324980235047,1,baseline,0.09,0.7,896,1600,93,1.0,0.1011235955056179,0.5970621232786307,1.0,0.0,0.4644281801642954,457.9130393341544,330.32535900019866,uav0000117_02622_v
311,0.4760787521169721,1,baseline,0.09,0.7,896,1600,98,1.0,0.1649484536082474,0.6389689383606845,1.0,0.0,0.4967567400276437,470.7558136757822,347.7251630001774,uav0000117_02622_v
321,0.4752631982877788,1,baseline,0.09,0.7,896,1600,107,1.0,0.1376146788990825,0.6413062607241848,1.0,0.0,0.4917092671872526,468.9661567471955,267.163315000289,uav0000117_02622_v
331,0.4769647365587982,1,baseline,0.09,0.7,896,1600,102,1.0,0.1428571428571428,0.6427636499626028,1.0,0.0,0.4935038605595645,471.9583683670739,280.5071279999538,uav0000117_02622_v
341,0.4804342463957432,1,baseline,0.09,0.7,896,1600,102,1.0,0.1523809523809524,0.6432311144353028,1.0,0.0,0.4958184887152289,469.2965891582755,257.90818400037097,uav0000117_02622_v
11,0.4984597662145605,1,baseline,0.09,0.7,896,1600,121,1.0,0.0,1.0,0.0,0.0,0.5632061534910705,1456.4368802275662,265.8587570003874,uav0000137_00458_v
21,0.5200418953067305,1,baseline,0.09,0.7,896,1600,117,1.0,0.0,1.0,0.0,0.0,0.5632061534910705,1435.5380602543948,255.98927000010008,uav0000137_00458_v
31,0.5308329598528155,1,baseline,0.09,0.7,896,1600,115,1.0,0.0,1.0,0.0,0.0,0.5632061534910705,1407.3433651690125,260.86656600000424,uav0000137_00458_v
41,0.5373075985804665,1,baseline,0.09,0.7,896,1600,111,1.0,0.0,1.0,0.0,0.0,0.5632061534910705,1404.048162310007,333.2030599999598,uav0000137_00458_v
51,0.5416240243989006,1,baseline,0.09,0.7,896,1600,112,1.0,0.0,1.0,0.0,0.0,0.5632061534910705,1386.3406620725784,337.561265000204,uav0000137_00458_v
61,0.544707185697782,1,baseline,0.09,0.7,896,1600,111,1.0,0.0,1.0,0.0,0.0,0.5632061534910705,1387.4511384621962,262.29122500035373,uav0000137_00458_v
71,0.5632061534910705,1,baseline,0.09,0.7,896,1600,108,1.0,0.0,1.0,0.0,0.0,0.5632061534910705,1356.5207477287524,267.87894900007814,uav0000137_00458_v
81,0.5632061534910705,1,baseline,0.09,0.7,896,1600,112,1.0,0.0,1.0,0.0,0.0,0.5632061534910705,1363.8520995596075,263.03411100025187,uav0000137_00458_v
91,0.5632061534910705,1,baseline,0.09,0.7,896,1600,113,1.0,0.0,1.0,0.0,0.0,0.5632061534910705,1367.0665035620468,293.857879999905,uav0000137_00458_v
101,0.5632061534910705,1,baseline,0.09,0.7,896,1600,112,1.0,0.0,1.0,0.0,0.0,0.5632061534910705,1351.0521266004814,338.101621000078,uav0000137_00458_v
111,0.5632061534910705,1,baseline,0.09,0.7,896,1600,116,1.0,0.0,1.0,0.0,0.0,0.5632061534910705,1340.9562965101395,266.48815699991246,uav0000137_00458_v
121,0.5632061534910705,1,baseline,0.09,0.7,896,1600,114,1.0,0.0,1.0,0.0,0.0,0.5632061534910705,1347.5788491360445,262.377712000216,uav0000137_00458_v
131,0.5632061534910705,1,baseline,0.09,0.7,896,1600,112,1.0,0.0,1.0,0.0,0.0,0.5632061534910705,1386.189662587233,259.818064999763,uav0000137_00458_v
141,0.5632061534910705,1,baseline,0.09,0.7,896,1600,112,1.0,0.0,1.0,0.0,0.0,0.5632061534910705,1408.3933047699509,259.265730000152,uav0000137_00458_v
151,0.5632061534910705,1,baseline,0.09,0.7,896,1600,109,1.0,0.0,1.0,0.0,0.0,0.5632061534910705,1328.1751188120231,339.00743699996383,uav0000137_00458_v
161,0.5632061534910705,1,baseline,0.09,0.7,896,1600,107,1.0,0.0,1.0,0.0,0.0,0.5632061534910705,1417.7923595207697,325.2156940002351,uav0000137_00458_v
171,0.5606794426126978,1,baseline,0.09,0.7,896,1600,105,1.0,0.0,0.9592196667026596,0.0,0.0,0.5455191773424611,1197.3113475715672,252.8139200003352,uav0000137_00458_v
181,0.5502306261766512,1,baseline,0.09,0.7,896,1600,107,1.0,0.0,0.8313593294460639,0.0,0.0,0.4900644384387443,1268.5422518881028,260.1909780000824,uav0000137_00458_v
191,0.5502306261766512,1,baseline,0.09,0.7,896,1600,101,1.0,0.0,1.0,0.0,0.0,0.5632061534910705,1220.2382998623248,263.4870320007394,uav0000137_00458_v
201,0.546539456548363,1,baseline,0.09,0.7,896,1600,104,1.0,0.02,0.930200122376993,0.0,0.0,0.5373679660930537,706.2657765027055,273.9039699999921,uav0000137_00458_v
211,0.5414237311860001,1,baseline,0.09,0.7,896,1600,85,1.0,0.0,0.9174337724507792,0.0,0.0,0.5273960759545301,675.6049078602681,327.6729420003903,uav0000137_00458_v
221,0.5417964163435901,1,baseline,0.09,0.7,896,1600,86,1.0,0.0117647058823529,1.0,0.0,0.0,0.5658149495942,1417.4999488221065,262.6585630005138,uav0000137_00458_v
231,0.5417964163435901,1,baseline,0.09,0.7,896,1600,95,1.0,0.0,1.0,0.0,0.0,0.5632061534910705,1370.582373030224,266.7526880004516,uav0000137_00458_v
11,0.5649840668443603,1,baseline,0.09,0.7,896,1600,29,1.0,0.6,1.0,0.0,0.0,0.6962547547506701,2337.534535193891,289.229566999893,uav0000182_00000_v
21,0.610588860052847,1,baseline,0.09,0.7,896,1600,31,1.0,0.625,1.0,0.0,0.0,0.7017984464698201,2801.8049334381385,240.579008000168,uav0000182_00000_v
31,0.6320053337273027,1,baseline,0.09,0.7,896,1600,31,1.0,0.6,1.0,0.0,0.0,0.6962547547506701,2845.0045106219927,222.24847199959183,uav0000182_00000_v
41,0.6451240029850259,1,baseline,0.09,0.7,896,1600,34,1.0,0.6060606060606061,1.0,0.0,0.0,0.6975986800159186,2824.9927101976155,213.46799099956115,uav0000182_00000_v
51,0.6568796151154709,1,baseline,0.09,0.7,896,1600,32,1.0,0.6875,1.0,0.0,0.0,0.7156576757676951,2822.219970478636,231.0320850001517,uav0000182_00000_v
61,0.6652764809229315,1,baseline,0.09,0.7,896,1600,32,1.0,0.6875,1.0,0.0,0.0,0.7156576757676951,2813.034323868293,220.6321889998435,uav0000182_00000_v
71,0.7066541764460454,1,baseline,0.09,0.7,896,1600,37,1.0,0.7222222222222222,1.0,0.0,0.0,0.7233572475998478,2768.547757755669,284.97731300012674,uav0000182_00000_v
81,0.7107637857513611,1,baseline,0.09,0.7,896,1600,37,1.0,0.7297297297297297,1.0,0.0,0.0,0.7250220198878807,2827.335781013794,286.96723299981386,uav0000182_00000_v
91,0.7127436756510575,1,baseline,0.09,0.7,896,1600,32,1.0,0.6875,1.0,0.0,0.0,0.7156576757676951,2902.1650116910955,230.9756180002296,uav0000182_00000_v
101,0.7183753624768607,1,baseline,0.09,0.7,896,1600,36,1.0,0.7777777777777778,1.0,0.0,0.0,0.7356765625312922,2888.219029905463,221.2414629993873,uav0000182_00000_v
111,0.7211075182358824,1,baseline,0.09,0.7,896,1600,39,1.0,0.6923076923076923,1.0,0.0,0.0,0.7167237703290701,2972.0440030121563,223.93623600055437,uav0000182_00000_v
121,0.7230874081355788,1,baseline,0.09,0.7,896,1600,39,1.0,0.75,1.0,0.0,0.0,0.72951690506557,2970.034513507492,226.0914929993305,uav0000182_00000_v
131,0.7229832034040157,1,baseline,0.09,0.7,896,1600,38,1.0,0.6842105263157895,1.0,0.0,0.0,0.7149282426467543,3016.167787884449,270.00528600001417,uav0000182_00000_v
141,0.7234463355442956,1,baseline,0.09,0.7,896,1600,39,1.0,0.7368421052631579,1.0,0.0,0.0,0.7265991725818068,3013.015805633452,285.1415779996387,uav0000182_00000_v
151,0.7232965060383726,1,baseline,0.09,0.7,896,1600,41,1.0,0.725,1.0,0.0,0.0,0.7239732133464201,2964.3060570304747,219.0205569995669,uav0000182_00000_v
161,0.7245564359745431,1,baseline,0.09,0.7,896,1600,45,1.0,0.7272727272727273,1.0,0.0,0.0,0.7244771853208882,2895.9538682082434,238.6729110003216,uav0000182_00000_v
171,0.7207966450539074,1,baseline,0.09,0.7,896,1600,45,1.0,0.6590909090909091,1.0,0.0,0.0,0.7093580260868428,2924.002982018746,229.40267700050757,uav0000182_00000_v
181,0.7181479629138454,1,baseline,0.09,0.7,896,1600,47,1.0,0.6086956521739131,1.0,0.0,0.0,0.6981829953486354,2978.6180035452444,222.89944400017703,uav0000182_00000_v
191,0.7143348416255411,1,baseline,0.09,0.7,896,1600,52,1.0,0.6296296296296297,1.0,0.0,0.0,0.7028250560474405,3087.8582037288797,224.8288170003434,uav0000182_00000_v
201,0.71224316846835,1,baseline,0.09,0.7,896,1600,56,1.0,0.6181818181818182,1.0,0.0,0.0,0.7002865305464155,3058.177281146343,288.09404599996924,uav0000182_00000_v
211,0.7080174869401412,1,baseline,0.09,0.7,896,1600,59,1.0,0.603448275862069,1.0,0.0,0.0,0.6970194018843459,2982.379403652024,226.46495800017877,uav0000182_00000_v
221,0.702544716650234,1,baseline,0.09,0.7,896,1600,67,1.0,0.5522388059701493,1.0,0.0,0.0,0.6856638213170702,3001.8658276995907,229.89105400029075,uav0000182_00000_v
231,0.6957732013176114,1,baseline,0.09,0.7,896,1600,79,1.0,0.5135135135135135,1.0,0.0,0.0,0.6770765779925296,2779.89430864676,253.02831800036077,uav0000182_00000_v
241,0.6893646688027691,1,baseline,0.09,0.7,896,1600,81,1.0,0.4567901234567901,1.0,0.0,0.0,0.6644982984829467,2844.726545728599,236.69380799947248,uav0000182_00000_v
251,0.6809195549056658,1,baseline,0.09,0.7,896,1600,74,1.0,0.3421052631578947,1.0,0.0,0.0,0.6390671980689124,2466.7445398112377,227.5223900005585,uav0000182_00000_v
261,0.6700869152921062,1,baseline,0.09,0.7,896,1600,77,1.0,0.2876712328767123,1.0,0.0,0.0,0.6269965787525223,3110.4064048873,300.63043700010894,uav0000182_00000_v
271,0.6618455958083865,1,baseline,0.09,0.7,896,1600,82,1.0,0.3580246913580246,1.0,0.0,0.0,0.6425972941603789,3034.5186388044367,234.1628699996363,uav0000182_00000_v
281,0.6554007128245473,1,baseline,0.09,0.7,896,1600,85,1.0,0.4,1.0,0.0,0.0,0.6519052209974703,2978.5367552685807,230.74344999986351,uav0000182_00000_v
291,0.6501820776560937,1,baseline,0.09,0.7,896,1600,79,1.0,0.3875,1.0,0.0,0.0,0.6491333751378953,3020.237874332949,230.558254999778,uav0000182_00000_v
301,0.6448653763171691,1,baseline,0.09,0.7,896,1600,80,1.0,0.345679012345679,1.0,0.0,0.0,0.6398596686200579,2993.0219960155423,233.8536170000225,uav0000182_00000_v
311,0.6409544826881391,1,baseline,0.09,0.7,896,1600,76,1.0,0.3333333333333333,1.0,0.0,0.0,0.637122043079737,2928.5642295376942,230.08022100020756,uav0000182_00000_v
321,0.637209333529876,1,baseline,0.09,0.7,896,1600,63,1.0,0.2238805970149253,1.0,0.0,0.0,0.6128511539610704,2475.3341887952743,285.7960010005627,uav0000182_00000_v
331,0.6353560119342697,1,baseline,0.09,0.7,896,1600,46,1.0,0.2291666666666666,1.0,0.0,0.0,0.6140233275832787,1924.2701838086184,222.980223000377,uav0000182_00000_v
341,0.6335178919286257,1,baseline,0.09,0.7,896,1600,28,1.0,0.3,1.0,0.0,0.0,0.6297304541208704,1588.7198807249238,219.69912799977465,uav0000182_00000_v
351,0.6318902692014664,1,baseline,0.09,0.7,896,1600,22,0.7,0.5238095238095238,1.0,0.0,0.0,0.6405118619073547,1527.844311982641,221.8612910000957,uav0000182_00000_v
361,0.6383539104612501,1,baseline,0.09,0.7,896,1600,24,0.8,0.7083333333333334,1.0,0.0,0.0,0.6943788639563827,2026.131642614036,227.36197099948183,uav0000182_00000_v
11,0.4648383115096615,1,baseline,0.09,0.7,896,1600,8,0.2666666666666666,0.125,1.0,0.0,0.0,0.4959632440812724,2040.6875257788051,65497.038611999415,uav0000268_05773_v
21,0.4752132890335318,1,baseline,0.09,0.7,896,1600,10,0.2666666666666666,0.125,1.0,0.0,0.0,0.4959632440812724,1985.182743557869,275.43284300008963,uav0000268_05773_v
31,0.4807099270668602,1,baseline,0.09,0.7,896,1600,10,0.3,0.1111111111111111,1.0,0.0,0.0,0.4971998411668453,2039.9968879993964,272.8807779994895,uav0000268_05773_v
41,0.4843784224532863,1,baseline,0.09,0.7,896,1600,10,0.3333333333333333,0.1,1.0,0.0,0.0,0.4990524039989905,1981.0340732476795,276.5653050000765,uav0000268_05773_v
51,0.4872075090309972,1,baseline,0.09,0.7,896,1600,11,0.3666666666666666,0.0909090909090909,1.0,0.0,0.0,0.5013529419195517,2030.111965618031,292.9887989994313,uav0000268_05773_v
61,0.4892282851579336,1,baseline,0.09,0.7,896,1600,12,0.3666666666666666,0.0909090909090909,1.0,0.0,0.0,0.5013529419195517,2001.8775346146044,372.2721760004788,uav0000268_05773_v
71,0.4988910798695766,1,baseline,0.09,0.7,896,1600,11,0.3666666666666666,0.0909090909090909,1.0,0.0,0.0,0.5013529419195517,2048.488202570674,319.81821800036414,uav0000268_05773_v
81,0.4993323884292505,1,baseline,0.09,0.7,896,1600,10,0.3333333333333333,0.1,1.0,0.0,0.0,0.4990524039989905,2026.696485119084,297.57731100016827,uav0000268_05773_v
91,0.4997736969889246,1,baseline,0.09,0.7,896,1600,10,0.3333333333333333,0.1,1.0,0.0,0.0,0.4990524039989905,2036.0084040455524,296.5627489993494,uav0000268_05773_v
101,0.5000383488220882,1,baseline,0.09,0.7,896,1600,10,0.3333333333333333,0.1,1.0,0.0,0.0,0.4990524039989905,2008.8617980113272,303.0038340002648,uav0000268_05773_v
111,0.5000383488220882,1,baseline,0.09,0.7,896,1600,9,0.3333333333333333,0.1,1.0,0.0,0.0,0.4990524039989905,2060.7272045812697,371.3873069991678,uav0000268_05773_v
121,0.4994450487145587,1,baseline,0.09,0.7,896,1600,10,0.3,0.1111111111111111,1.0,0.0,0.0,0.4971998411668453,2034.5553991367333,293.88591600036307,uav0000268_05773_v
131,0.5022842242797071,1,baseline,0.09,0.7,896,1600,9,0.3333333333333333,0.2,1.0,0.0,0.0,0.5212271708755905,2070.9253568672834,281.0607639994487,uav0000268_05773_v
141,0.5052107284383045,1,baseline,0.09,0.7,896,1600,9,0.3,0.2222222222222222,1.0,0.0,0.0,0.5218384710297341,2020.1672231509128,281.74119499999506,uav0000268_05773_v
151,0.5083785522778188,1,baseline,0.09,0.7,896,1600,11,0.3333333333333333,0.2,1.0,0.0,0.0,0.5212271708755905,2074.6433642100187,289.5317149996117,uav0000268_05773_v
161,0.5117236993570475,1,baseline,0.09,0.7,896,1600,11,0.4,0.1666666666666666,1.0,0.0,0.0,0.5224684335535917,2015.1540672539284,362.2372500003621,uav0000268_05773_v
171,0.5148915231965618,1,baseline,0.09,0.7,896,1600,10,0.3333333333333333,0.2,1.0,0.0,0.0,0.5212271708755905,2066.459492903285,288.85329500008083,uav0000268_05773_v
181,0.5181000113250316,1,baseline,0.09,0.7,896,1600,10,0.3666666666666666,0.1818181818181818,1.0,0.0,0.0,0.521511820898279,2024.9940540096327,283.428701000048,uav0000268_05773_v
191,0.521573151286665,1,baseline,0.09,0.7,896,1600,11,0.3666666666666666,0.1818181818181818,1.0,0.0,0.0,0.521511820898279,2067.830546070408,308.64146599924425,uav0000268_05773_v
201,0.5216138155756205,1,baseline,0.09,0.7,896,1600,12,0.3666666666666666,0.1818181818181818,1.0,0.0,0.0,0.521511820898279,2060.3563972711468,275.9441809994314,uav0000268_05773_v
211,0.5217038102218859,1,baseline,0.09,0.7,896,1600,11,0.4,0.1666666666666666,1.0,0.0,0.0,0.5224684335535917,2104.157204014455,351.2083440000424,uav0000268_05773_v
221,0.5218811334616004,1,baseline,0.09,0.7,896,1600,13,0.4,0.1666666666666666,1.0,0.0,0.0,0.5224684335535917,2063.989299041831,289.17239600014,uav0000268_05773_v
231,0.5218811334616003,1,baseline,0.09,0.7,896,1600,12,0.4,0.1666666666666666,1.0,0.0,0.0,0.5224684335535917,2089.399975603888,279.3857349997779,uav0000268_05773_v
241,0.5222689576996149,1,baseline,0.09,0.7,896,1600,13,0.4333333333333333,0.1538461538461538,1.0,0.0,0.0,0.5239419405416924,2034.4764506968224,278.04432199991425,uav0000268_05773_v
251,0.5226161176486739,1,baseline,0.09,0.7,896,1600,15,0.4333333333333333,0.1538461538461538,1.0,0.0,0.0,0.5239419405416924,2110.706823495069,289.1094279993922,uav0000268_05773_v
261,0.5238993790387404,1,baseline,0.09,0.7,896,1600,15,0.5333333333333333,0.125,1.0,0.0,0.0,0.5304946506287445,2091.561928127765,353.06186500019976,uav0000268_05773_v
271,0.525182640428807,1,baseline,0.09,0.7,896,1600,16,0.5333333333333333,0.125,1.0,0.0,0.0,0.5304946506287445,2135.3156920978327,278.93168900027376,uav0000268_05773_v
281,0.5263292428681146,1,baseline,0.09,0.7,896,1600,16,0.5333333333333333,0.125,1.0,0.0,0.0,0.5304946506287445,2050.449153455161,292.3961340002279,uav0000268_05773_v
291,0.5278595493437048,1,baseline,0.09,0.7,896,1600,17,0.5666666666666667,0.1176470588235294,1.0,0.0,0.0,0.5331805788827226,2084.3769221526823,275.0460569995994,uav0000268_05773_v
301,0.5265416222835194,1,baseline,0.09,0.7,896,1600,13,0.5,0.0666666666666666,1.0,0.0,0.0,0.5132429441322939,2055.231403112006,275.62738199958403,uav0000268_05773_v
311,0.5315882793367084,1,baseline,0.09,0.7,896,1600,14,0.5666666666666667,0.2352941176470588,1.0,0.0,0.0,0.5592685399140166,2097.178157674876,392.633645999922,uav0000268_05773_v
321,0.5300598512782229,1,baseline,0.09,0.7,896,1600,16,0.5,0.0666666666666666,1.0,0.0,0.0,0.5132429441322939,1955.5195955190616,309.9489780006479,uav0000268_05773_v
331,0.5271295382732163,1,baseline,0.09,0.7,896,1600,13,0.4666666666666667,0.0714285714285714,1.0,0.0,0.0,0.5099824595936979,2044.7509302152655,283.0175740000413,uav0000268_05773_v
341,0.5241992252682097,1,baseline,0.09,0.7,896,1600,14,0.4666666666666667,0.0714285714285714,1.0,0.0,0.0,0.5099824595936979,1930.4366295412133,308.34118599977955,uav0000268_05773_v
351,0.5217346957687168,1,baseline,0.09,0.7,896,1600,15,0.5,0.0666666666666666,1.0,0.0,0.0,0.5132429441322939,2007.5784315581068,293.52996399939,uav0000268_05773_v
361,0.522946141355305,1,baseline,0.09,0.7,896,1600,14,0.4666666666666667,0.2142857142857142,1.0,0.0,0.0,0.5416606979888406,1940.4828324043672,367.46247299925017,uav0000268_05773_v
371,0.52474308916373,1,baseline,0.09,0.7,896,1600,14,0.4666666666666667,0.1428571428571428,1.0,0.0,0.0,0.5258215787912693,2061.4913822014087,290.4144099993573,uav0000268_05773_v
381,0.5199649518604804,1,baseline,0.09,0.7,896,1600,14,0.4666666666666667,0.1428571428571428,1.0,0.0,0.0,0.5258215787912693,2006.647542406777,286.3846469999771,uav0000268_05773_v
391,0.5214933799189658,1,baseline,0.09,0.7,896,1600,15,0.4333333333333333,0.1538461538461538,1.0,0.0,0.0,0.5239419405416924,2024.6122105598988,289.34841999944183,uav0000268_05773_v
401,0.5237561112329047,1,baseline,0.09,0.7,896,1600,14,0.4666666666666667,0.1428571428571428,1.0,0.0,0.0,0.5258215787912693,1988.532359850689,293.0812610002249,uav0000268_05773_v
411,0.5255398217986037,1,baseline,0.09,0.7,896,1600,11,0.4,0.1666666666666666,1.0,0.0,0.0,0.5224684335535917,2059.842816701999,354.2800230006833,uav0000268_05773_v
421,0.5270682498570892,1,baseline,0.09,0.7,896,1600,12,0.4333333333333333,0.1538461538461538,1.0,0.0,0.0,0.5239419405416924,2014.6891736111077,290.9717829998044,uav0000268_05773_v
431,0.5245369987932109,1,baseline,0.09,0.7,896,1600,13,0.4333333333333333,0.1538461538461538,1.0,0.0,0.0,0.5239419405416924,2049.4537569537883,292.62898599972686,uav0000268_05773_v
441,0.5242684790432713,1,baseline,0.09,0.7,896,1600,12,0.4333333333333333,0.1538461538461538,1.0,0.0,0.0,0.5239419405416924,2003.0357247413103,277.7690339999026,uav0000268_05773_v
451,0.5239999592933319,1,baseline,0.09,0.7,896,1600,13,0.4333333333333333,0.1538461538461538,1.0,0.0,0.0,0.5239419405416924,2053.7826786004625,283.2243250004467,uav0000268_05773_v
461,0.528793941671149,1,baseline,0.09,0.7,896,1600,15,0.4666666666666667,0.2857142857142857,1.0,0.0,0.0,0.5574998171864121,2028.1866911542736,366.7284639996069,uav0000268_05773_v
471,0.5354011930613061,1,baseline,0.09,0.7,896,1600,16,0.5333333333333333,0.3125,1.0,0.0,0.0,0.5720723385223694,2066.483079368008,276.82497699970554,uav0000268_05773_v
481,0.5443852026886946,1,baseline,0.09,0.7,896,1600,16,0.5666666666666667,0.3529411764705882,1.0,0.0,0.0,0.5853565009453107,2026.6692405603271,301.70573800023703,uav0000268_05773_v
491,0.5512609738287912,1,baseline,0.09,0.7,896,1600,16,0.5333333333333333,0.3125,1.0,0.0,0.0,0.5720723385223694,2056.9345584372822,292.29581500021595,uav0000268_05773_v
501,0.5581367449688879,1,baseline,0.09,0.7,896,1600,16,0.5333333333333333,0.3125,1.0,0.0,0.0,0.5720723385223694,2033.842653426107,284.4888500003435,uav0000268_05773_v
511,0.5686656460614996,1,baseline,0.09,0.7,896,1600,21,0.6,0.3888888888888889,1.0,0.0,0.0,0.5976442481899733,2074.5545622875075,381.4915289995042,uav0000268_05773_v
521,0.5839476159397906,1,baseline,0.09,0.7,896,1600,20,0.6666666666666666,0.5,1.0,0.0,0.0,0.6309157296897302,2026.7355275740256,309.4299080003111,uav0000268_05773_v
531,0.5944356034402647,1,baseline,0.09,0.7,896,1600,19,0.6666666666666666,0.5,1.0,0.0,0.0,0.6309157296897302,2059.7467796653373,281.1065170008078,uav0000268_05773_v
541,0.601391532066179,1,baseline,0.09,0.7,896,1600,20,0.6333333333333333,0.4736842105263157,1.0,0.0,0.0,0.6207638389037698,2039.025264754801,286.4652069993099,uav0000268_05773_v
551,0.6066667287958293,1,baseline,0.09,0.7,896,1600,21,0.6,0.5,1.0,0.0,0.0,0.6222828780528622,2059.9836466046363,291.13238799982355,uav0000268_05773_v
561,0.6136226574217435,1,baseline,0.09,0.7,896,1600,20,0.6333333333333333,0.4736842105263157,1.0,0.0,0.0,0.6207638389037698,2023.6227319305096,355.82720799993695,uav0000268_05773_v
571,0.6188742695631496,1,baseline,0.09,0.7,896,1600,20,0.7,0.3809523809523809,1.0,0.0,0.0,0.6088336235122118,2110.1035865420986,283.82107200013706,uav0000268_05773_v
581,0.6152211396106348,1,baseline,0.09,0.7,896,1600,19,0.5333333333333333,0.3125,1.0,0.0,0.0,0.5720723385223694,2078.1615756909578,300.1053910002156,uav0000268_05773_v
591,0.608970154472239,1,baseline,0.09,0.7,896,1600,18,0.5,0.4,1.0,0.0,0.0,0.5871588337209603,2076.655396170777,276.2474199998905,uav0000268_05773_v
601,0.606503625433134,1,baseline,0.09,0.7,896,1600,16,0.5333333333333333,0.5,1.0,0.0,0.0,0.6136500264159942,2034.0822294737864,294.1724949996569,uav0000268_05773_v
611,0.6084805331589249,1,baseline,0.09,0.7,896,1600,20,0.6,0.5555555555555556,1.0,0.0,0.0,0.6346021929843066,2080.3723258559958,383.3175460003986,uav0000268_05773_v
621,0.6069321880051738,1,baseline,0.09,0.7,896,1600,16,0.5666666666666667,0.4705882352941176,1.0,0.0,0.0,0.6114444619766046,2023.9190598879595,281.19328600041626,uav0000268_05773_v
631,0.6021314729790583,1,baseline,0.09,0.7,896,1600,14,0.5,0.4,1.0,0.0,0.0,0.5871588337209603,2109.3577237632885,283.73882200048683,uav0000268_05773_v
641,0.5988597507373485,1,baseline,0.09,0.7,896,1600,15,0.5333333333333333,0.375,1.0,0.0,0.0,0.5859315678202442,2043.024435983132,320.88799199937057,uav0000268_05773_v
651,0.5967779619750689,1,baseline,0.09,0.7,896,1600,15,0.4666666666666667,0.2857142857142857,1.0,0.0,0.0,0.5574998171864121,2094.5598071644013,276.7741229999956,uav0000268_05773_v
661,0.5925541968557165,1,baseline,0.09,0.7,896,1600,15,0.5,0.2666666666666666,1.0,0.0,0.0,0.5575924778854937,2028.918853903377,349.8747869998624,uav0000268_05773_v
671,0.5845459756370736,1,baseline,0.09,0.7,896,1600,16,0.5,0.2666666666666666,1.0,0.0,0.0,0.5575924778854937,2072.617109837066,293.353107999792,uav0000268_05773_v
681,0.5756131392853682,1,baseline,0.09,0.7,896,1600,15,0.5333333333333333,0.3125,1.0,0.0,0.0,0.5720723385223694,2007.139632944435,292.9228160001003,uav0000268_05773_v
691,0.5658081161412477,1,baseline,0.09,0.7,896,1600,16,0.5,0.2,1.0,0.0,0.0,0.5428092999677604,2075.4486688450065,301.1619069993685,uav0000268_05773_v
701,0.563687214242491,1,baseline,0.09,0.7,896,1600,18,0.5666666666666667,0.2941176470588235,1.0,0.0,0.0,0.5723125204296636,2065.6513477269477,297.23696499968355,uav0000268_05773_v
711,0.5597274344430981,1,baseline,0.09,0.7,896,1600,16,0.5333333333333333,0.25,1.0,0.0,0.0,0.5582131092244944,2072.343782736913,356.374642999981,uav0000268_05773_v
721,0.5597406716858241,1,baseline,0.09,0.7,896,1600,15,0.5,0.2666666666666666,1.0,0.0,0.0,0.5575924778854937,1998.8591891829703,288.84971600018616,uav0000268_05773_v
731,0.5597406716858241,1,baseline,0.09,0.7,896,1600,15,0.5,0.2666666666666666,1.0,0.0,0.0,0.5575924778854937,2007.2234654405795,290.28178899989143,uav0000268_05773_v
741,0.5618435349064197,1,baseline,0.09,0.7,896,1600,17,0.5666666666666667,0.2941176470588235,1.0,0.0,0.0,0.5723125204296636,1937.9885300001276,282.0145030000276,uav0000268_05773_v
751,0.5618868659465422,1,baseline,0.09,0.7,896,1600,16,0.5,0.3333333333333333,1.0,0.0,0.0,0.5723756558032269,1984.013149748927,298.7453559999267,uav0000268_05773_v
761,0.5617227799495538,1,baseline,0.09,0.7,896,1600,16,0.4666666666666667,0.2142857142857142,1.0,0.0,0.0,0.5416606979888406,1905.3365442538611,373.6445180002193,uav0000268_05773_v
771,0.557508034169282,1,baseline,0.09,0.7,896,1600,15,0.5,0.2,1.0,0.0,0.0,0.5428092999677604,1996.501069163841,281.9747869998537,uav0000268_05773_v
781,0.5553074899897485,1,baseline,0.09,0.7,896,1600,16,0.5,0.2,1.0,0.0,0.0,0.5428092999677604,1943.8942508358457,279.2165729997578,uav0000268_05773_v
791,0.5531956074300723,1,baseline,0.09,0.7,896,1600,16,0.5,0.2,1.0,0.0,0.0,0.5428092999677604,2029.2466403415424,289.3432829996528,uav0000268_05773_v
801,0.5489718423107199,1,baseline,0.09,0.7,896,1600,18,0.5,0.1333333333333333,1.0,0.0,0.0,0.5280261220500271,1954.995850989598,275.0721490001524,uav0000268_05773_v
811,0.5426452139707719,1,baseline,0.09,0.7,896,1600,16,0.5,0.1333333333333333,1.0,0.0,0.0,0.5280261220500271,2010.2053235314463,359.8409999995056,uav0000268_05773_v
821,0.5337319002265534,1,baseline,0.09,0.7,896,1600,13,0.4666666666666667,0.0714285714285714,1.0,0.0,0.0,0.5099824595936979,1947.6055455241556,295.38446700007626,uav0000268_05773_v
831,0.5283502949647798,1,baseline,0.09,0.7,896,1600,12,0.4,0.0833333333333333,1.0,0.0,0.0,0.5039894611564252,1995.2971115325763,283.25897499962593,uav0000268_05773_v
841,0.52242795810075,1,baseline,0.09,0.7,896,1600,13,0.3666666666666666,0.0909090909090909,1.0,0.0,0.0,0.5013529419195517,1962.8072777374089,281.3169459996061,uav0000268_05773_v
851,0.5177384094758839,1,baseline,0.09,0.7,896,1600,15,0.4666666666666667,0.0714285714285714,1.0,0.0,0.0,0.5099824595936979,2046.6279009673049,292.96849299953465,uav0000268_05773_v
861,0.5089362327577502,1,baseline,0.09,0.7,896,1600,12,0.3666666666666666,0.0,1.0,0.0,0.0,0.4811940629408245,1917.060998608968,362.2790259996691,uav0000268_05773_v
871,0.5053290998981741,1,baseline,0.09,0.7,896,1600,17,0.5333333333333333,0.0,1.0,0.0,0.0,0.5027761920329945,2031.8715812109697,297.8437199999462,uav0000268_05773_v
881,0.5027514338329843,1,baseline,0.09,0.7,896,1600,15,0.4666666666666667,0.0714285714285714,1.0,0.0,0.0,0.5099824595936979,2064.553903870349,288.5712549996242,uav0000268_05773_v
891,0.5042020250863241,1,baseline,0.09,0.7,896,1600,18,0.5666666666666667,0.0588235294117647,1.0,0.0,0.0,0.5201365983670756,2132.1206937968814,287.95509500014305,uav0000268_05773_v
901,0.5040287009258339,1,baseline,0.09,0.7,896,1600,19,0.5333333333333333,0.0,1.0,0.0,0.0,0.5027761920329945,2093.154349922836,288.8725160000831,uav0000268_05773_v
911,0.5036153901108351,1,baseline,0.09,0.7,896,1600,15,0.5,0.0,1.0,0.0,0.0,0.4984597662145605,2078.798267701888,376.30803100000776,uav0000268_05773_v
921,0.5019692910566727,1,baseline,0.09,0.7,896,1600,14,0.5,0.0,1.0,0.0,0.0,0.4984597662145605,2038.0137946734217,275.75532700029726,uav0000268_05773_v
931,0.5050524523555541,1,baseline,0.09,0.7,896,1600,16,0.5333333333333333,0.0,1.0,0.0,0.0,0.5027761920329945,2087.027407892504,279.3410969998149,uav0000268_05773_v
941,0.5044358200957778,1,baseline,0.09,0.7,896,1600,15,0.5,0.0,1.0,0.0,0.0,0.4984597662145605,1906.4243305314092,287.02612000051886,uav0000268_05773_v
951,0.5052562500807204,1,baseline,0.09,0.7,896,1600,19,0.6333333333333333,0.0,1.0,0.0,0.0,0.5157254694882966,2033.091844071368,290.85315100019216,uav0000268_05773_v
961,0.5052427210720997,1,baseline,0.09,0.7,896,1600,18,0.6666666666666666,0.0,1.0,0.0,0.0,0.5200418953067305,1954.8841533719612,366.5585329999885,uav0000268_05773_v
971,0.5040094565525471,1,baseline,0.09,0.7,896,1600,14,0.4666666666666667,0.0,1.0,0.0,0.0,0.4941433403961265,2022.145440536989,305.4425980008091,uav0000268_05773_v
11,0.5126743603662272,1,baseline,0.09,0.7,896,1600,39,1.0,0.1282051282051282,1.0,0.0,0.0,0.5916353417944038,1230.3959474466997,229.12369999994556,uav0000305_00000_v
21,0.5389946875089527,1,baseline,0.09,0.7,896,1600,39,1.0,0.1282051282051282,1.0,0.0,0.0,0.5916353417944038,1258.8422056906093,285.13739600020926,uav0000305_00000_v
31,0.5521548510803155,1,baseline,0.09,0.7,896,1600,39,1.0,0.1282051282051282,1.0,0.0,0.0,0.5916353417944038,1225.970476927065,287.9095540001799,uav0000305_00000_v
41,0.5600509492231331,1,baseline,0.09,0.7,896,1600,39,1.0,0.1282051282051282,1.0,0.0,0.0,0.5916353417944038,1229.5908871306046,226.93499900015013,uav0000305_00000_v
51,0.5653150146516782,1,baseline,0.09,0.7,896,1600,39,1.0,0.1282051282051282,1.0,0.0,0.0,0.5916353417944038,1249.5749927137915,226.76395199960095,uav0000305_00000_v
61,0.5690750613863533,1,baseline,0.09,0.7,896,1600,38,1.0,0.1282051282051282,1.0,0.0,0.0,0.5916353417944038,1233.6938086256216,232.1274840005572,uav0000305_00000_v
71,0.591194399281944,1,baseline,0.09,0.7,896,1600,36,1.0,0.1142857142857142,1.0,0.0,0.0,0.5885487442071847,1250.7255461515913,228.2736940005634,uav0000305_00000_v
81,0.5896340002246933,1,baseline,0.09,0.7,896,1600,39,1.0,0.0789473684210526,1.0,0.0,0.0,0.5807125483936494,1244.4516179584052,289.6099210001921,uav0000305_00000_v
91,0.5890924918760583,1,baseline,0.09,0.7,896,1600,36,1.0,0.1111111111111111,1.0,0.0,0.0,0.5878447833539593,1247.5397984989772,281.65217000059783,uav0000305_00000_v
101,0.588455853682393,1,baseline,0.09,0.7,896,1600,37,1.0,0.1081081081081081,1.0,0.0,0.0,0.5871788744387462,1224.9038040857497,228.53921000023547,uav0000305_00000_v
111,0.5893963681826536,1,baseline,0.09,0.7,896,1600,38,1.0,0.1578947368421052,1.0,0.0,0.0,0.5982189432962284,1168.674213171306,233.87578200072312,uav0000305_00000_v
121,0.5916707032469203,1,baseline,0.09,0.7,896,1600,35,1.0,0.2,1.0,0.0,0.0,0.6075556872442704,1149.6305879813956,227.79401400021013,uav0000305_00000_v
131,0.5921348532600359,1,baseline,0.09,0.7,896,1600,35,1.0,0.1428571428571428,1.0,0.0,0.0,0.5948843918862132,1155.0736100557176,231.45382999973663,uav0000305_00000_v
141,0.5936514947893787,1,baseline,0.09,0.7,896,1600,36,1.0,0.1621621621621621,1.0,0.0,0.0,0.599165234912584,1157.6512585146595,277.82019899950683,uav0000305_00000_v
151,0.589140621584019,1,baseline,0.09,0.7,896,1600,26,0.9,0.074074074074074,0.9595442654673808,0.0,0.0,0.5491364359561314,803.2534183375146,281.6123319998951,uav0000305_00000_v
161,0.5825376560190106,1,baseline,0.09,0.7,896,1600,31,0.8333333333333334,0.0,1.0,0.0,0.0,0.5416240243989006,758.2881085791017,225.3872390001561,uav0000305_00000_v
171,0.5772969498348383,1,baseline,0.09,0.7,896,1600,23,0.8333333333333334,0.04,1.0,0.0,0.0,0.5504939311495405,834.6452703377847,233.04480900060295,uav0000305_00000_v
181,0.5722951227198158,1,baseline,0.09,0.7,896,1600,32,1.0,0.0,1.0,0.0,0.0,0.5632061534910705,930.775988985026,225.8137930002704,uav0000305_00000_v
11,0.3415474317505644,1,baseline,0.09,0.7,896,1600,59,1.0,0.2727272727272727,0.586185966924083,0.0,0.0,0.444206107889914,583.5065219763952,298.09109899997566,uav0000339_00001_v
21,0.3924281415672262,1,baseline,0.09,0.7,896,1600,59,1.0,0.3220338983050847,0.6762219813298452,0.0,0.0,0.4941895612005499,596.1423748444355,236.9319159997758,uav0000339_00001_v
31,0.4215795970308837,1,baseline,0.09,0.7,896,1600,56,1.0,0.3103448275862069,0.7164246295533138,0.0,0.0,0.5090339634218561,618.3459431147252,229.3160099998204,uav0000339_00001_v
41,0.4395982888761377,1,baseline,0.09,0.7,896,1600,58,1.0,0.2542372881355932,0.751196000788375,0.0,0.0,0.5116730562571541,664.9046894930816,231.8044359999476,uav0000339_00001_v
51,0.4543414883090558,1,baseline,0.09,0.7,896,1600,61,1.0,0.2833333333333333,0.7740969522137213,0.0,0.0,0.5280574854736462,671.0754717243103,232.79184400053052,uav0000339_00001_v
61,0.4632846271413482,1,baseline,0.09,0.7,896,1600,56,1.0,0.2586206896551724,0.7611066814785615,0.0,0.0,0.516943460135103,637.4445563082498,230.7789540000158,uav0000339_00001_v
71,0.5013390029529468,1,baseline,0.09,0.7,896,1600,57,1.0,0.25,0.7385976778771209,0.0,0.0,0.5052693862924038,626.3358948110298,289.85498099973483,uav0000339_00001_v
81,0.508521983567738,1,baseline,0.09,0.7,896,1600,55,1.0,0.25,0.7137369873322463,0.0,0.0,0.4944869721934529,606.9072502440995,292.62168100012786,uav0000339_00001_v
91,0.5083228609037339,1,baseline,0.09,0.7,896,1600,54,1.0,0.2222222222222222,0.7240396158463385,0.0,0.0,0.4927957025525211,607.973911952595,230.8627920001527,uav0000339_00001_v
101,0.5011081702436068,1,baseline,0.09,0.7,896,1600,53,1.0,0.1346153846153846,0.6898281700739998,0.0,0.0,0.4585311288009665,593.4695713270215,231.15434200008167,uav0000339_00001_v
111,0.4963286210896234,1,baseline,0.09,0.7,896,1600,52,1.0,0.25,0.6762219813298452,0.0,0.0,0.4782162121792703,591.7532110105484,232.9620069995144,uav0000339_00001_v
121,0.4899055093677818,1,baseline,0.09,0.7,896,1600,52,1.0,0.2452830188679245,0.689884162620272,0.0,0.0,0.4830957034207546,588.589080056711,242.38468299972735,uav0000339_00001_v
131,0.4845457009235324,1,baseline,0.09,0.7,896,1600,52,1.0,0.2291666666666666,0.689660192435183,0.0,0.0,0.4794248010253575,595.4675995713804,304.7709729999042,uav0000339_00001_v
141,0.4825908728335542,1,baseline,0.09,0.7,896,1600,49,1.0,0.2727272727272727,0.6954274247012237,0.0,0.0,0.491585589662556,578.4186799485559,287.1395299998767,uav0000339_00001_v
151,0.4664359881751241,1,baseline,0.09,0.7,896,1600,51,1.0,0.2307692307692307,0.4628343874863377,0.0,0.0,0.3814027795844423,317.33912514638035,243.13629199969,uav0000339_00001_v
161,0.456164068844984,1,baseline,0.09,0.7,896,1600,53,1.0,0.2545454545454545,0.5417278851839242,0.0,0.0,0.4208922672415402,361.9914711069553,235.1201929996023,uav0000339_00001_v
171,0.4523211302387621,1,baseline,0.09,0.7,896,1600,49,1.0,0.24,0.5739235992904624,0.0,0.0,0.431630558557414,385.5427137270567,231.8629110004622,uav0000339_00001_v
181,0.4453886608918269,1,baseline,0.09,0.7,896,1600,43,1.0,0.2325581395348837,0.5732516887351955,0.0,0.0,0.4296889267507237,398.6740375040941,233.5352959999,uav0000339_00001_v
191,0.4403924943580559,1,baseline,0.09,0.7,896,1600,40,1.0,0.3076923076923077,0.5773391446130691,0.0,0.0,0.4481225376843578,385.9354219998544,280.6443279996529,uav0000339_00001_v
201,0.4345295751247602,1,baseline,0.09,0.7,896,1600,40,1.0,0.3076923076923077,0.5548861335579007,0.0,0.0,0.4383843663922873,346.7347189266571,283.3994510001503,uav0000339_00001_v
211,0.4275221821571732,1,baseline,0.09,0.7,896,1600,37,1.0,0.282051282051282,0.577563114798158,0.0,0.0,0.4425338388894474,370.0145825128671,236.8162960001428,uav0000339_00001_v
221,0.4352694024492033,1,baseline,0.09,0.7,896,1600,36,1.0,0.2162162162162162,0.5953127519664582,0.0,0.0,0.4356333216286533,379.2252890519095,231.4595140005622,uav0000339_00001_v
231,0.4357066880181062,1,baseline,0.09,0.7,896,1600,35,1.0,0.1714285714285714,0.5912812886348568,0.0,0.0,0.4239532662238598,382.9815782160655,1151.557662000414,uav0000339_00001_v
241,0.4374417829558174,1,baseline,0.09,0.7,896,1600,33,1.0,0.2424242424242424,0.6006880364085933,0.0,0.0,0.4437762231213929,387.84814484162246,225.59937499954685,uav0000339_00001_v
251,0.440124426925914,1,baseline,0.09,0.7,896,1600,35,1.0,0.25,0.607631112146351,0.0,0.0,0.4484674345413992,401.41522520033993,276.76116400016326,uav0000339_00001_v
261,0.4389692610838307,1,baseline,0.09,0.7,896,1600,34,1.0,0.2424242424242424,0.5920651842826683,0.0,0.0,0.4400363767897748,381.69263434732346,272.98434199929034,uav0000339_00001_v
271,0.4368427065841843,1,baseline,0.09,0.7,896,1600,35,1.0,0.2424242424242424,0.5539342602712727,0.0,0.0,0.4234984848947624,351.7770147990139,225.35666000021592,uav0000339_00001_v
